round,loss,accuracy,f1,avg_fit_wall_s,total_comm_bytes_down,total_comm_bytes_up
1,1.6955634355545044,0.35841846681743744,0.07117493574408292,2.2353641748428346,2115360.0,2115360.0
2,1.40064537525177,0.5699134367932621,0.24120191527216298,1.0489448308944702,2115360.0,2115360.0
3,1.2349377870559692,0.6857989550027295,0.33109904740821194,1.047239398956299,2115360.0,2115360.0
4,1.1238449811935425,0.7037354753177884,0.35137330107583387,1.0468581438064575,2115360.0,2115360.0
5,0.9406871795654297,0.7430398502690478,0.38477945548829756,1.0598215579986572,2115360.0,2115360.0
6,0.8916166424751282,0.7479528971379552,0.3960980309208259,1.0607771396636962,2115360.0,2115360.0
7,0.8777541518211365,0.7545816111674335,0.40503610695084424,1.0598907232284547,2115360.0,2115360.0
8,0.8774056434631348,0.7686968728066755,0.4219110339690378,1.0624640464782715,2115360.0,2115360.0
9,0.8575566411018372,0.7658114325820791,0.4220283594043466,1.04348304271698,2115360.0,2115360.0
10,0.8052567839622498,0.7682289635810653,0.4232830053274614,1.05661141872406,2115360.0,2115360.0
11,0.7823853492736816,0.7699446307416361,0.4298524223294496,1.0479360580444337,2115360.0,2115360.0
12,0.7863917946815491,0.7627700226156126,0.42696536406310387,1.048606276512146,2115360.0,2115360.0
13,0.7775900363922119,0.7688528425485456,0.4298218178754535,1.0483388900756836,2115360.0,2115360.0
14,0.7525160908699036,0.7732199953209078,0.4411850722287479,1.0507748603820801,2115360.0,2115360.0
15,0.733181893825531,0.7728300709662326,0.4469175921358051,1.061381983757019,2115360.0,2115360.0
16,0.7324973940849304,0.7708804491928566,0.44595477488982044,1.0470227956771851,2115360.0,2115360.0
17,0.7284383773803711,0.7707244794509865,0.444589326602488,1.0469654560089112,2115360.0,2115360.0
18,0.7083675265312195,0.7732979801918428,0.4517804514093357,1.0676167964935304,2115360.0,2115360.0
19,0.6947301030158997,0.7778990875770101,0.4618834093233858,1.069611382484436,2115360.0,2115360.0
20,0.6910065412521362,0.7796927396085159,0.46414016115413453,1.0674046516418456,2115360.0,2115360.0
21,0.6868804693222046,0.7835919831552679,0.46444506628016896,1.0484368801116943,2115360.0,2115360.0
22,0.6865673661231995,0.7803166185759962,0.4633711128089814,1.0558356523513794,2115360.0,2115360.0
23,0.6537956595420837,0.795757623021134,0.4943505011478483,1.0335678577423095,2115360.0,2115360.0
24,0.6623021364212036,0.7850736957030336,0.49049072509044267,1.0443384170532226,2115360.0,2115360.0
25,0.643635094165802,0.7948997894408485,0.5004984485249572,1.048033308982849,2115360.0,2115360.0
26,0.637121319770813,0.8023863370506121,0.5065250026419333,1.0610620260238648,2115360.0,2115360.0
27,0.6343817114830017,0.7989550027294705,0.504140252819512,1.0461381912231444,2115360.0,2115360.0
28,0.6502838730812073,0.7812524370272167,0.49545025521882946,1.0627037286758423,2115360.0,2115360.0
29,0.6241572499275208,0.7982531388910551,0.5061619067912114,1.0499121427536011,2115360.0,2115360.0
30,0.6122847199440002,0.804024019340248,0.5154611414763088,1.0506421327590942,2115360.0,2115360.0
31,0.6265944242477417,0.7952897137955237,0.5152617969161628,1.0465084552764892,2115360.0,2115360.0
32,0.6174290180206299,0.8029322311471575,0.5218008219963429,1.0561784982681275,2115360.0,2115360.0
33,0.603086531162262,0.8012165639865866,0.5201714480394758,1.0469244480133058,2115360.0,2115360.0
34,0.5956333875656128,0.80807923262887,0.5250102138891143,1.044594693183899,2115360.0,2115360.0
35,0.5937472581863403,0.8104187787569211,0.5292621154478241,1.0371738433837892,2115360.0,2115360.0
36,0.5825514793395996,0.8173594322701396,0.5355948671369106,1.0585830688476563,2115360.0,2115360.0
37,0.585218071937561,0.8104967636278562,0.5331050267407856,1.0648332595825196,2115360.0,2115360.0
38,0.5932376980781555,0.8056617016298838,0.5276277720145923,1.0511372089385986,2115360.0,2115360.0
39,0.5753287672996521,0.8151758558839585,0.5380158384425311,1.0557744741439818,2115360.0,2115360.0
40,0.5815718173980713,0.8051158075333386,0.5289720830147109,1.0694560766220094,2115360.0,2115360.0
41,0.5582596063613892,0.8273414957498245,0.5486347988139207,1.0633572816848755,2115360.0,2115360.0
42,0.5673825740814209,0.8168135381735944,0.5411430557118615,1.0245830297470093,2115360.0,2115360.0
43,0.5602754950523376,0.8229743429774624,0.5488077135423604,1.046740984916687,2115360.0,2115360.0
44,0.5722901821136475,0.8076113234032598,0.5347356191317373,1.056380319595337,2115360.0,2115360.0
45,0.5560634732246399,0.8250799344927084,0.5478558304437736,1.0550019025802613,2115360.0,2115360.0
46,0.5482215881347656,0.8332683459408875,0.5583027459325899,1.0628811597824097,2115360.0,2115360.0
47,0.5660024285316467,0.8126803400140373,0.5414049226228901,1.0593250751495362,2115360.0,2115360.0
48,0.5677709579467773,0.8124463854012322,0.542960226509315,1.0632988691329956,2115360.0,2115360.0
49,0.5365256071090698,0.8375575138423146,0.5633133448701881,1.0577494144439696,2115360.0,2115360.0
50,0.5410021543502808,0.8260157529439289,0.5527715307884233,1.044189715385437,2115360.0,2115360.0
51,0.5554224848747253,0.8151758558839585,0.5440750129154702,1.0435450553894043,2115360.0,2115360.0
52,0.5360027551651001,0.8350619979723933,0.5615107061679949,1.0524951457977294,2115360.0,2115360.0
53,0.5383245348930359,0.8315526787803166,0.5615160750522517,1.054546046257019,2115360.0,2115360.0
54,0.5425686240196228,0.8249239647508383,0.552044515814429,1.0589840888977051,2115360.0,2115360.0
55,0.5370425581932068,0.8313967090384465,0.557585862259663,1.061691403388977,2115360.0,2115360.0
56,0.5298919677734375,0.8389612415191453,0.5683627957736745,1.049125862121582,2115360.0,2115360.0
57,0.5377278327941895,0.8317866333931218,0.5628251796733348,1.0490835189819336,2115360.0,2115360.0
58,0.5381610989570618,0.824222100912423,0.5564282118145021,1.063175344467163,2115360.0,2115360.0
59,0.5218650102615356,0.8409888481634563,0.5698845849673755,1.0656368732452393,2115360.0,2115360.0
60,0.5172151327133179,0.8393511658738205,0.5680464357618715,1.0617870569229126,2115360.0,2115360.0
61,0.523338258266449,0.8358418466817438,0.5637708559207723,1.0457274436950683,2115360.0,2115360.0
62,0.5366288423538208,0.828433283942915,0.5589967942438031,1.0625725030899047,2115360.0,2115360.0
63,0.521901547908783,0.8374015441004445,0.5698240674923543,1.0621890544891357,2115360.0,2115360.0
64,0.5227749943733215,0.8320985728768618,0.5675765047184534,1.0532429933547973,2115360.0,2115360.0
65,0.5203515291213989,0.8366996802620291,0.5631004756791514,1.056681513786316,2115360.0,2115360.0
66,0.5312076210975647,0.8313967090384465,0.5587345012692421,1.0554913759231568,2115360.0,2115360.0
67,0.5185264945030212,0.8395851204866256,0.5745672670329028,1.0717498064041138,2115360.0,2115360.0
68,0.5213454961776733,0.8347500584886532,0.5684411180541156,1.0520694732666016,2115360.0,2115360.0
69,0.5173144936561584,0.8368556500038993,0.56525981660121,1.0654433965682983,2115360.0,2115360.0
70,0.5167074799537659,0.8339702097793028,0.565040428217415,1.0688450336456299,2115360.0,2115360.0
71,0.5284173488616943,0.8285892536847852,0.563507186543208,1.0422999858856201,2115360.0,2115360.0
72,0.5136699080467224,0.8375575138423146,0.5716279282198076,1.0581777334213256,2115360.0,2115360.0
73,0.5075360536575317,0.8409108632925213,0.5727335421474095,1.0464178800582886,2115360.0,2115360.0
74,0.5194287300109863,0.8298370116197458,0.5662480326860397,1.0485403537750244,2115360.0,2115360.0
75,0.5210204124450684,0.8328004367152773,0.5673808117789927,1.0392518043518066,2115360.0,2115360.0
76,0.5179921984672546,0.8316306636512517,0.5624206091868472,1.0562230110168458,2115360.0,2115360.0
77,0.507867693901062,0.8320985728768618,0.5654668205168275,1.0362136840820313,2115360.0,2115360.0
78,0.5025718808174133,0.8424705607112221,0.5801369048856216,1.0372756242752075,2115360.0,2115360.0
79,0.50928795337677,0.8359978164236138,0.5740440690957711,1.0419204473495483,2115360.0,2115360.0
80,0.5126632452011108,0.8420026514856118,0.5766635343326371,1.064699649810791,2115360.0,2115360.0
81,0.5060518980026245,0.8368556500038993,0.5755806563126961,1.044013547897339,2115360.0,2115360.0
82,0.4930867850780487,0.8450440614520783,0.5773577632840772,1.0567722558975219,2115360.0,2115360.0
83,0.4895597994327545,0.8469156983545192,0.5834397760039705,1.052364706993103,2115360.0,2115360.0
84,0.5086608529090881,0.8366216953910941,0.5750817772634114,1.063795256614685,2115360.0,2115360.0
85,0.4941696524620056,0.8431724245496374,0.5820279206226605,1.0500686883926391,2115360.0,2115360.0
86,0.4972754716873169,0.8434843640333776,0.5724307964318306,1.0568280220031738,2115360.0,2115360.0
87,0.50566565990448,0.8365437105201591,0.5746402170672151,1.0598179578781128,2115360.0,2115360.0
88,0.4989698529243469,0.8381034079388598,0.5789851856522705,1.0497459173202515,2115360.0,2115360.0
89,0.4907965064048767,0.8455899555486236,0.5855869425011468,1.0356770277023315,2115360.0,2115360.0
90,0.4925819933414459,0.8487873352569602,0.590210439231517,1.053624653816223,2115360.0,2115360.0
91,0.5036821365356445,0.8337362551664977,0.5775958640191885,1.0589248180389403,2115360.0,2115360.0
92,0.48501208424568176,0.8494891990953755,0.5839063139674033,1.0586668968200683,2115360.0,2115360.0
93,0.48164433240890503,0.8506589721594011,0.5903445308119207,1.0726300001144409,2115360.0,2115360.0
94,0.5035568475723267,0.8329564064571473,0.5746788667219607,1.0546970605850219,2115360.0,2115360.0
95,0.4815935790538788,0.8493332293535054,0.5943243328231957,1.054211187362671,2115360.0,2115360.0
96,0.484684020280838,0.8431724245496374,0.5841985166868733,1.0502987384796143,2115360.0,2115360.0
97,0.4906013607978821,0.840442954066911,0.5865969356546467,1.0523423433303833,2115360.0,2115360.0
98,0.49502769112586975,0.842392575840287,0.5888984994340335,1.0584175825119018,2115360.0,2115360.0
99,0.48508206009864807,0.8473056227091944,0.5894839867053884,1.0699660778045654,2115360.0,2115360.0
100,0.4755086302757263,0.8476955470638696,0.5946872573837725,1.055977201461792,2115360.0,2115360.0
101,0.490883469581604,0.8408328784215862,0.5856417561326104,1.0570091485977173,2115360.0,2115360.0
102,0.4860844016075134,0.8482414411604149,0.5919083317217726,1.0545669078826905,2115360.0,2115360.0
103,0.48095858097076416,0.8454339858067534,0.592092986342426,1.0510865211486817,2115360.0,2115360.0
104,0.48315420746803284,0.8446541370974031,0.5912033867962443,1.0791643142700196,2115360.0,2115360.0
105,0.4848530888557434,0.8398970599703658,0.5874654963154196,1.0525297164916991,2115360.0,2115360.0
106,0.4826682507991791,0.842392575840287,0.5926386557367419,1.0729140281677245,2115360.0,2115360.0
107,0.47238537669181824,0.8507369570303361,0.5976094255804156,1.0743810176849364,2115360.0,2115360.0
108,0.4705246686935425,0.8490992747407003,0.596254465225384,1.065011978149414,2115360.0,2115360.0
109,0.48407161235809326,0.8455119706776886,0.5952106601368339,1.0367645740509033,2115360.0,2115360.0
110,0.48048439621925354,0.8506589721594011,0.5971447757250127,1.0550305604934693,2115360.0,2115360.0
111,0.49246957898139954,0.8314746939093816,0.5821465169189638,1.0367305278778076,2115360.0,2115360.0
112,0.4693846106529236,0.8506589721594011,0.5988045949846175,1.0467988491058349,2115360.0,2115360.0
113,0.4741353988647461,0.8483974109022849,0.5949632269402249,1.061508297920227,2115360.0,2115360.0
114,0.48347800970077515,0.8370896046167043,0.5851014626168513,1.0605645179748535,2115360.0,2115360.0
115,0.4647146463394165,0.8543242610933479,0.6019165159806518,1.0444268226623534,2115360.0,2115360.0
116,0.47163766622543335,0.8441862278717929,0.5967905626754819,1.0578577756881713,2115360.0,2115360.0
117,0.46954718232154846,0.8470716680963893,0.5991482298689125,1.0570620775222779,2115360.0,2115360.0
118,0.4585545063018799,0.8561958979957888,0.60553041511779,1.0526941061019897,2115360.0,2115360.0
119,0.4608743488788605,0.8531544880293224,0.6053700305718788,1.0567114114761353,2115360.0,2115360.0
120,0.47066715359687805,0.8462138345161039,0.5974716058148671,1.0603447914123536,2115360.0,2115360.0
121,0.4766637682914734,0.8444201824845979,0.5941790398511401,1.05156729221344,2115360.0,2115360.0
122,0.4642317295074463,0.8548701551898932,0.6060426629692885,1.0610121011734008,2115360.0,2115360.0
123,0.46976378560066223,0.8467597286126491,0.6007047829594879,1.0460302352905273,2115360.0,2115360.0
124,0.4578581154346466,0.8558839585120487,0.6088245729187218,1.066945219039917,2115360.0,2115360.0
125,0.47054585814476013,0.8466817437417141,0.5995061289136576,1.04901020526886,2115360.0,2115360.0
126,0.47676125168800354,0.8444981673555331,0.5983786287537118,1.02268545627594,2115360.0,2115360.0
127,0.44793209433555603,0.8614988692193715,0.615211167290569,1.0331745862960815,2115360.0,2115360.0
128,0.4707197844982147,0.8440302581299228,0.597819651783062,1.0415030717849731,2115360.0,2115360.0
129,0.4767899513244629,0.8437963035171177,0.5984422118994103,1.0505485534667969,2115360.0,2115360.0
130,0.459795743227005,0.854480230835218,0.6108165358907135,1.0586917877197266,2115360.0,2115360.0
131,0.47248899936676025,0.8461358496451689,0.5994172193662959,1.0621856212615968,2115360.0,2115360.0
132,0.4572175443172455,0.8556500038992435,0.6087354237005622,1.0705102920532226,2115360.0,2115360.0
133,0.4458696246147156,0.8614988692193715,0.6187016051439634,1.058333945274353,2115360.0,2115360.0
134,0.45662182569503784,0.8543242610933479,0.6073407312828206,1.0612401962280273,2115360.0,2115360.0
135,0.457978218793869,0.8509709116431412,0.6037112393867892,1.0525149822235107,2115360.0,2115360.0
136,0.45618629455566406,0.8518287452234267,0.6080598426280873,1.0613771677017212,2115360.0,2115360.0
137,0.45183050632476807,0.8541682913514778,0.607145944254184,1.0547359466552735,2115360.0,2115360.0
138,0.4430546164512634,0.8629805817671372,0.6174403883989943,1.0560673713684081,2115360.0,2115360.0
139,0.4661983251571655,0.8429384699368323,0.6006640465594463,1.0549923419952392,2115360.0,2115360.0
140,0.4647733271121979,0.8523746393199719,0.6050145118776947,1.0569199323654175,2115360.0,2115360.0
141,0.4542015790939331,0.8530765031583872,0.6101843320493435,1.068989634513855,2115360.0,2115360.0
142,0.4548678398132324,0.8529205334165172,0.6121630852696253,1.0462092399597167,2115360.0,2115360.0
143,0.45552220940589905,0.8558839585120487,0.6148916264191828,1.0529122352600098,2115360.0,2115360.0
144,0.450573205947876,0.8547141854480231,0.6176375023730565,1.048118257522583,2115360.0,2115360.0
145,0.44200682640075684,0.8593152928331904,0.6143380576692868,1.0573483228683471,2115360.0,2115360.0
146,0.44558006525039673,0.856507837479529,0.6149618162772338,1.0576924324035644,2115360.0,2115360.0
147,0.46680039167404175,0.8459798799032988,0.6042757780535348,1.0529504060745238,2115360.0,2115360.0
148,0.45908915996551514,0.850580987288466,0.6095485516340645,1.0643204927444458,2115360.0,2115360.0
149,0.45467838644981384,0.8520626998362317,0.6074510349056839,1.0506537675857544,2115360.0,2115360.0
150,0.44102075695991516,0.8593932777041254,0.6176310099934442,1.058241057395935,2115360.0,2115360.0
151,0.4574653208255768,0.8494891990953755,0.6042757970367683,1.0436833143234252,2115360.0,2115360.0
152,0.4650976359844208,0.8425485455821571,0.6030798221490602,1.0360551595687866,2115360.0,2115360.0
153,0.4406966269016266,0.8642283397020978,0.6277452862846019,1.059766697883606,2115360.0,2115360.0
154,0.44625362753868103,0.858769398736645,0.6207828095193804,1.0585411310195922,2115360.0,2115360.0
155,0.4422050416469574,0.8548701551898932,0.6193879542151015,1.0584356784820557,2115360.0,2115360.0
156,0.4384562075138092,0.8596272323169305,0.6204344682667797,1.0557704448699952,2115360.0,2115360.0
157,0.4498538374900818,0.8551041098026982,0.6159623628252001,1.0538858413696288,2115360.0,2115360.0
158,0.4530852735042572,0.8501910629337909,0.6084441857634971,1.0541664361953735,2115360.0,2115360.0
159,0.4500536322593689,0.8536223972549325,0.6173065144766394,1.0487139225006104,2115360.0,2115360.0
160,0.4455353021621704,0.8572876861888794,0.6187038475480352,1.0581741809844971,2115360.0,2115360.0
161,0.44977501034736633,0.8542462762224129,0.6159696587240336,1.0610942840576172,2115360.0,2115360.0
162,0.43592557311058044,0.8618108087031116,0.6236741105720542,1.0601702451705932,2115360.0,2115360.0
163,0.4287932217121124,0.8668798253138891,0.6326033686132406,1.052785301208496,2115360.0,2115360.0
164,0.44006913900375366,0.854636200577088,0.6160158570327384,1.0389419794082642,2115360.0,2115360.0
165,0.43484795093536377,0.8614988692193715,0.6252822005225557,1.036901307106018,2115360.0,2115360.0
166,0.43184471130371094,0.8631365515090073,0.627685927451394,1.0569838523864745,2115360.0,2115360.0
167,0.4497030973434448,0.8507369570303361,0.6147965507225752,1.0562391519546508,2115360.0,2115360.0
168,0.44308772683143616,0.856507837479529,0.6149699920486926,1.052145004272461,2115360.0,2115360.0
169,0.44233810901641846,0.858613428994775,0.6207177501263866,1.0651267051696778,2115360.0,2115360.0
170,0.4415856599807739,0.8597832020588005,0.624603360439228,1.0619418621063232,2115360.0,2115360.0
171,0.44496995210647583,0.8547141854480231,0.6202076581948175,1.0594727993011475,2115360.0,2115360.0
172,0.44229230284690857,0.8594712625750605,0.6180922499511874,1.0638299703598022,2115360.0,2115360.0
173,0.440613329410553,0.8575216408016845,0.6214686438208411,1.0572434425354005,2115360.0,2115360.0
174,0.43333277106285095,0.860485065897216,0.6261928344222498,1.072470450401306,2115360.0,2115360.0
175,0.4285390079021454,0.8634484909927475,0.6294145750892535,1.052447533607483,2115360.0,2115360.0
176,0.4352097809314728,0.8578335802854247,0.6240853421667356,1.0605363845825195,2115360.0,2115360.0
177,0.4375101625919342,0.854636200577088,0.6194077600012841,1.0595317363739014,2115360.0,2115360.0
178,0.4234311580657959,0.8680495983779147,0.6315019371871509,1.0596117973327637,2115360.0,2115360.0
179,0.4434545040130615,0.8552600795445684,0.6185014930725069,1.0562223196029663,2115360.0,2115360.0
180,0.45399728417396545,0.8468377134835842,0.6114368765914587,1.0503463745117188,2115360.0,2115360.0
181,0.4317055344581604,0.8599391718006707,0.6233120018109914,1.0334253072738648,2115360.0,2115360.0
182,0.4335462152957916,0.8596272323169305,0.6292553341163182,1.0338566541671752,2115360.0,2115360.0
183,0.4281123876571655,0.8648522186695781,0.6325111436939933,1.0536207675933837,2115360.0,2115360.0
184,0.43432268500328064,0.8597832020588005,0.6241895674922392,1.0543675422668457,2115360.0,2115360.0
185,0.4354064464569092,0.85853544412384,0.6233398546118752,1.072481894493103,2115360.0,2115360.0
186,0.43715164065361023,0.8558839585120487,0.6171888050954053,1.0635446548461913,2115360.0,2115360.0
187,0.42798420786857605,0.85869141386571,0.6244949555625143,1.0673922061920167,2115360.0,2115360.0
188,0.43059852719306946,0.8597052171878655,0.6268180317597862,1.0560647010803224,2115360.0,2115360.0
189,0.4266880452632904,0.8631365515090073,0.6317938193001474,1.0524438142776489,2115360.0,2115360.0
190,0.42662671208381653,0.8673477345394993,0.636366959312795,1.0598954916000367,2115360.0,2115360.0
191,0.41615918278694153,0.8701551898931608,0.6381581029404588,1.0681001663208007,2115360.0,2115360.0
192,0.42932677268981934,0.8611869297356313,0.6335601299194487,1.0475014209747315,2115360.0,2115360.0
193,0.4287654161453247,0.8597832020588005,0.6303675505062007,1.0535622835159302,2115360.0,2115360.0
194,0.4322018623352051,0.8590813382203852,0.6252070485680519,1.059055781364441,2115360.0,2115360.0
195,0.4227129817008972,0.8621227481868518,0.6286461204268458,1.0703032970428468,2115360.0,2115360.0
196,0.4343235492706299,0.8551041098026982,0.6229309808105505,1.0592239141464233,2115360.0,2115360.0
197,0.41593363881111145,0.872728690634017,0.6413773743948319,1.0704890251159669,2115360.0,2115360.0
198,0.42916741967201233,0.8598611869297357,0.6275624523918004,1.0562882661819457,2115360.0,2115360.0
199,0.4244130551815033,0.8596272323169305,0.6254629616707652,1.0549428701400756,2115360.0,2115360.0
200,0.42961910367012024,0.8613428994775013,0.6300895939530717,1.054389524459839,2115360.0,2115360.0
201,0.4285118877887726,0.8598611869297357,0.6273016694360183,1.044785737991333,2115360.0,2115360.0
202,0.4194824993610382,0.8655540825079935,0.6374836982784974,1.0570376634597778,2115360.0,2115360.0
203,0.4231131672859192,0.8618887935740467,0.6328353044008986,1.047064971923828,2115360.0,2115360.0
204,0.43563875555992126,0.8538563518677377,0.617657446302445,1.0491923332214355,2115360.0,2115360.0
205,0.43774741888046265,0.8553380644155034,0.622652230917637,1.0578423261642456,2115360.0,2115360.0
206,0.4200647175312042,0.8658660219917336,0.6366632771238808,1.0486296176910401,2115360.0,2115360.0
207,0.42113950848579407,0.8654760976370585,0.6336999220619858,1.0624509572982788,2115360.0,2115360.0
208,0.4267367422580719,0.8614208843484364,0.6301695405742482,1.0493246793746949,2115360.0,2115360.0
209,0.43048927187919617,0.860719020510021,0.6265222066159065,1.0579439878463746,2115360.0,2115360.0
210,0.431394100189209,0.8582235046400998,0.6287294106742698,1.068458914756775,2115360.0,2115360.0
211,0.4201558232307434,0.866489900959214,0.6356899605428682,1.0718841791152953,2115360.0,2115360.0
212,0.4295955300331116,0.8617328238321765,0.627270212485236,1.0493246793746949,2115360.0,2115360.0
213,0.43442147970199585,0.8549481400608282,0.620454514423182,1.0397101402282716,2115360.0,2115360.0
214,0.42830416560173035,0.860797005380956,0.6296267974810085,1.0690535068511964,2115360.0,2115360.0
215,0.4189515709877014,0.8700772050222257,0.6391720962181433,1.0516958951950073,2115360.0,2115360.0
216,0.41992247104644775,0.864696248927708,0.6316472254607064,1.0650646448135377,2115360.0,2115360.0
217,0.4127853214740753,0.868673477345395,0.6337572159028376,1.0723774433135986,2115360.0,2115360.0
218,0.4242177903652191,0.8611089448646962,0.6296225016408593,1.0669637441635131,2115360.0,2115360.0
219,0.4249957501888275,0.8617328238321765,0.6286876802737431,1.0754581689834595,2115360.0,2115360.0
220,0.41740086674690247,0.8692973563128753,0.6350500938554019,1.0648508310317992,2115360.0,2115360.0
221,0.4358149468898773,0.8507369570303361,0.6253341036910387,1.0654047012329102,2115360.0,2115360.0
222,0.41658443212509155,0.866801840442954,0.6382482195152024,1.0536964893341065,2115360.0,2115360.0
223,0.4268967807292938,0.8589253684785152,0.6281851068329999,1.0503098487854003,2115360.0,2115360.0
224,0.4314841330051422,0.8571317164470093,0.6228898356323609,1.0505016326904297,2115360.0,2115360.0
225,0.42405205965042114,0.8633705061218123,0.6316370086395573,1.0409404039382935,2115360.0,2115360.0
226,0.42287495732307434,0.8616548389612415,0.6344742777410117,1.0681172609329224,2115360.0,2115360.0
227,0.4220232367515564,0.8622787179287218,0.6329580796118426,1.059243369102478,2115360.0,2115360.0
228,0.4264870584011078,0.8612649146065663,0.6312664039473218,1.0644364595413207,2115360.0,2115360.0
229,0.42290231585502625,0.8650081884114482,0.6358495705107748,1.0531386375427245,2115360.0,2115360.0
230,0.42210695147514343,0.8600951415425407,0.6315590804717979,1.05440092086792,2115360.0,2115360.0
231,0.4271201491355896,0.8600951415425407,0.6320137951487165,1.0558590650558473,2115360.0,2115360.0
232,0.41248440742492676,0.8661779614754738,0.6343691147647578,1.0515717029571534,2115360.0,2115360.0
233,0.41010919213294983,0.8696092957966155,0.6450864922070317,1.0664475440979004,2115360.0,2115360.0
234,0.42007365822792053,0.8618108087031116,0.6370590342274981,1.067816138267517,2115360.0,2115360.0
235,0.4202689230442047,0.8620447633159167,0.6345010173119755,1.0495729207992555,2115360.0,2115360.0
236,0.41476383805274963,0.8677376588941745,0.6362195983934856,1.080968403816223,2115360.0,2115360.0
237,0.4240041673183441,0.8630585666380722,0.6320835138232533,1.0594478130340577,2115360.0,2115360.0
238,0.41209566593170166,0.868673477345395,0.6396352428716374,1.0570584535598755,2115360.0,2115360.0
239,0.4284382462501526,0.8552600795445684,0.6274453857483194,1.0573333263397218,2115360.0,2115360.0
240,0.409599244594574,0.8695313109256804,0.6455440798195508,1.0726566553115844,2115360.0,2115360.0
241,0.4278813302516937,0.8575996256726195,0.6302330580066957,1.0425896406173707,2115360.0,2115360.0
242,0.4209257662296295,0.8656320673789285,0.6450205839342754,1.0576965093612671,2115360.0,2115360.0
243,0.40863728523254395,0.8708570537315761,0.6418557774401012,1.0507174253463745,2115360.0,2115360.0
244,0.4057096540927887,0.8711689932153163,0.6470594021804267,1.0568473100662232,2115360.0,2115360.0
245,0.4177236557006836,0.8637604304764875,0.640343894926002,1.0363332033157349,2115360.0,2115360.0
246,0.4190524220466614,0.8628246120252671,0.637178884453728,1.040791964530945,2115360.0,2115360.0
247,0.41819944977760315,0.8632145363799423,0.6360490937192382,1.0486968278884887,2115360.0,2115360.0
248,0.4155401587486267,0.864540279185838,0.6391104953819086,1.0514739274978637,2115360.0,2115360.0
249,0.4207622706890106,0.860797005380956,0.6358472645750098,1.0621163368225097,2115360.0,2115360.0
250,0.4226570427417755,0.8603290961553459,0.6260988185424118,1.058857798576355,2115360.0,2115360.0
251,0.41765591502189636,0.8632925212508773,0.6367329061089813,1.0519150257110597,2115360.0,2115360.0
252,0.41739025712013245,0.8634484909927475,0.6332738313969248,1.0605242729187012,2115360.0,2115360.0
253,0.41783592104911804,0.8639943850892927,0.6345254687137503,1.0539796829223633,2115360.0,2115360.0
254,0.41599276661872864,0.8629025968962022,0.6396711629259559,1.0591560840606689,2115360.0,2115360.0
255,0.4133031964302063,0.8651641581533183,0.6437913162454595,1.06586492061615,2115360.0,2115360.0
256,0.4081595540046692,0.8699992201512906,0.6434965802551771,1.068178367614746,2115360.0,2115360.0
257,0.426738440990448,0.8538563518677377,0.6311719845433927,1.075638198852539,2115360.0,2115360.0
258,0.41162818670272827,0.8689854168291351,0.6423863847201595,1.0533697605133057,2115360.0,2115360.0
259,0.410917192697525,0.868673477345395,0.6536776719236214,1.055110478401184,2115360.0,2115360.0
260,0.41015154123306274,0.8659440068626686,0.6409289310835935,1.0725078105926513,2115360.0,2115360.0
261,0.41045981645584106,0.8662559463464088,0.6381000934750146,1.0589792251586914,2115360.0,2115360.0
262,0.40381747484207153,0.8692973563128753,0.6466796923464226,1.0572578191757203,2115360.0,2115360.0
263,0.41995587944984436,0.8594712625750605,0.6378295517654717,1.0568586111068725,2115360.0,2115360.0
264,0.411613792181015,0.8678156437651096,0.6495325251610385,1.066057515144348,2115360.0,2115360.0
265,0.4031403958797455,0.8744443577945878,0.6545971109431165,1.0630988359451294,2115360.0,2115360.0
266,0.42114782333374023,0.8569757467051392,0.6430093702776207,1.0603578329086303,2115360.0,2115360.0
267,0.40996694564819336,0.866645870701084,0.6398815628497664,1.0558430671691894,2115360.0,2115360.0
268,0.41978180408477783,0.8661779614754738,0.6437758569194065,1.0675301551818848,2115360.0,2115360.0
269,0.42273926734924316,0.8616548389612415,0.6416130493035759,1.064488458633423,2115360.0,2115360.0
270,0.4153716564178467,0.8616548389612415,0.6318869072459231,1.0466005086898804,2115360.0,2115360.0
271,0.40062448382377625,0.8710910083443811,0.643792071660218,1.0570473194122314,2115360.0,2115360.0
272,0.40838587284088135,0.8713249629571863,0.643492581969272,1.0581404447555542,2115360.0,2115360.0
273,0.41352781653404236,0.8653201278951883,0.6401975176177799,1.0611722469329834,2115360.0,2115360.0
274,0.40203553438186646,0.8725727208921469,0.6515638348720489,1.0584800243377686,2115360.0,2115360.0
275,0.4071243405342102,0.8690634017000702,0.6522690362466622,1.0529422283172607,2115360.0,2115360.0
276,0.412836492061615,0.8643063245730328,0.6337214897505408,1.066469144821167,2115360.0,2115360.0
277,0.41112032532691956,0.8671917647976293,0.6378398673361858,1.0474090099334716,2115360.0,2115360.0
278,0.3996597230434418,0.872650705763082,0.648400774162556,1.0555395126342773,2115360.0,2115360.0
279,0.40523961186408997,0.866489900959214,0.6436574125137483,1.0479383230209351,2115360.0,2115360.0
280,0.41181680560112,0.864774233798643,0.6400520871099991,1.0634267807006836,2115360.0,2115360.0
281,0.40636202692985535,0.8703891445059658,0.6466398391835247,1.0677000522613525,2115360.0,2115360.0
282,0.4084835648536682,0.8692193714419403,0.6464394374753814,1.0764914512634278,2115360.0,2115360.0
283,0.42703112959861755,0.8490992747407003,0.6202309727928309,1.0621447324752809,2115360.0,2115360.0
284,0.4060743749141693,0.86875146221633,0.6430052957103585,1.0561702966690063,2115360.0,2115360.0
285,0.3980398178100586,0.874756297278328,0.6515398824671833,1.0573379516601562,2115360.0,2115360.0
286,0.410143107175827,0.8679716135069796,0.6502009595165367,1.0615760326385497,2115360.0,2115360.0
287,0.411935031414032,0.8653981127661233,0.641578393777943,1.0581171274185182,2115360.0,2115360.0
288,0.4061838984489441,0.8698432504094206,0.645912570828077,1.0344391345977784,2115360.0,2115360.0
289,0.41453099250793457,0.864696248927708,0.643389592834576,1.0528201103210448,2115360.0,2115360.0
290,0.40546464920043945,0.86875146221633,0.6469381871230041,1.0643828868865968,2115360.0,2115360.0
291,0.39223623275756836,0.8749902518911331,0.655386779264534,1.0647122383117675,2115360.0,2115360.0
292,0.4066033661365509,0.8650081884114482,0.638043303884097,1.0570672512054444,2115360.0,2115360.0
293,0.4205869138240814,0.8570537315760742,0.62936451734114,1.04718074798584,2115360.0,2115360.0
294,0.4048151671886444,0.8709350386025111,0.6521399399721691,1.0550996303558349,2115360.0,2115360.0
295,0.4027859568595886,0.8710910083443811,0.6480438807164272,1.0710765838623046,2115360.0,2115360.0
296,0.4179847538471222,0.8563518677376589,0.6405559500435527,1.0618764400482177,2115360.0,2115360.0
297,0.4041970372200012,0.8713249629571863,0.6419700142196767,1.061806321144104,2115360.0,2115360.0
298,0.3991750478744507,0.8739764485689776,0.6429614216262813,1.0633540868759155,2115360.0,2115360.0
299,0.40747472643852234,0.8637604304764875,0.6502934669970526,1.0504455089569091,2115360.0,2115360.0
300,0.3997887969017029,0.8695313109256804,0.6583498537801571,1.0555373430252075,2115360.0,2115360.0
301,0.40902355313301086,0.8671137799266943,0.6416155304242537,1.0498599052429198,2115360.0,2115360.0
302,0.4021676182746887,0.870779068860641,0.639864277446488,1.0395505666732787,2115360.0,2115360.0
303,0.4094413220882416,0.862512672541527,0.6446050198615865,1.04784095287323,2115360.0,2115360.0
304,0.39606550335884094,0.8732745847305623,0.6505913600067922,1.0690234661102296,2115360.0,2115360.0
305,0.4033501446247101,0.8678936286360446,0.6487244213419981,1.0438252687454224,2115360.0,2115360.0
306,0.4075581431388855,0.8683615378616548,0.6485672757332782,1.0641093254089355,2115360.0,2115360.0
307,0.396395206451416,0.8742883880527178,0.6527323376112494,1.07033109664917,2115360.0,2115360.0
308,0.4067893326282501,0.8689074319582001,0.6383349003477298,1.062636399269104,2115360.0,2115360.0
309,0.4185234606266022,0.8568197769632692,0.6375823488861925,1.05319242477417,2115360.0,2115360.0
310,0.39879724383354187,0.8711689932153163,0.6584315279679389,1.056085228919983,2115360.0,2115360.0
311,0.39895379543304443,0.870623099118771,0.6602178465666348,1.0473846197128296,2115360.0,2115360.0
312,0.4050180912017822,0.870623099118771,0.6549561172472246,1.0732043981552124,2115360.0,2115360.0
313,0.4052511751651764,0.868673477345395,0.6517082919537395,1.035452914237976,2115360.0,2115360.0
314,0.3989233672618866,0.8719488419246666,0.6486516764497425,1.044031572341919,2115360.0,2115360.0
315,0.4158332347869873,0.860719020510021,0.6438463829610065,1.0495542287826538,2115360.0,2115360.0
316,0.40037232637405396,0.8732745847305623,0.6472395279537826,1.056683850288391,2115360.0,2115360.0
317,0.40551063418388367,0.8636044607346175,0.6417898929679011,1.0489349842071534,2115360.0,2115360.0
318,0.3964981138706207,0.8717928721827966,0.6511650906253231,1.044211220741272,2115360.0,2115360.0
319,0.41643667221069336,0.8560399282539187,0.6385218062221759,1.0577746152877807,2115360.0,2115360.0
320,0.40316060185432434,0.8709350386025111,0.657574103930832,1.0638420104980468,2115360.0,2115360.0
321,0.3944301903247833,0.8755361459876784,0.6642283565784788,1.0561582326889039,2115360.0,2115360.0
322,0.4068318009376526,0.8617328238321765,0.6391717718592961,1.0443318843841554,2115360.0,2115360.0
323,0.3916637599468231,0.8760820400842236,0.6486025790368265,1.0704079151153565,2115360.0,2115360.0
324,0.39436081051826477,0.8742883880527178,0.6544752280092412,1.0721030473709106,2115360.0,2115360.0
325,0.41456642746925354,0.8572876861888794,0.6502909079969748,1.0763808727264403,2115360.0,2115360.0
326,0.39723822474479675,0.8734305544724323,0.6629735331722068,1.0566636800765992,2115360.0,2115360.0
327,0.38926205039024353,0.8799032987600406,0.6723145912695384,1.0682384729385377,2115360.0,2115360.0
328,0.3972740173339844,0.8725727208921469,0.6436684652749597,1.0483405828475951,2115360.0,2115360.0
329,0.4122109115123749,0.8595492474459955,0.6465861316943968,1.0748639345169066,2115360.0,2115360.0
330,0.3919160068035126,0.8783436013413398,0.6512851075217124,1.0649110555648804,2115360.0,2115360.0
331,0.3987341821193695,0.8709350386025111,0.6506754122545634,1.0656621694564818,2115360.0,2115360.0
332,0.4002295434474945,0.8699992201512906,0.6551704581825363,1.0509466409683228,2115360.0,2115360.0
333,0.3962846100330353,0.8703111596350308,0.646716884757324,1.0484171390533448,2115360.0,2115360.0
334,0.3996337652206421,0.8696092957966155,0.6434964382328017,1.0443588495254517,2115360.0,2115360.0
335,0.41865894198417664,0.8563518677376589,0.6347246764967087,1.073316788673401,2115360.0,2115360.0
336,0.39220941066741943,0.8800592685019106,0.6570607535956531,1.0528316020965576,2115360.0,2115360.0
337,0.4088061451911926,0.8637604304764875,0.6565012982421926,1.045233178138733,2115360.0,2115360.0
338,0.4087773859500885,0.8615768540903065,0.6436381393672452,1.0621652603149414,2115360.0,2115360.0
339,0.3966596722602844,0.8754581611167433,0.6456731599046746,1.043341088294983,2115360.0,2115360.0
340,0.40795281529426575,0.864774233798643,0.6528287741967345,1.052737259864807,2115360.0,2115360.0
341,0.4028282165527344,0.8682835529907198,0.6565896095507018,1.0463304042816162,2115360.0,2115360.0
342,0.3940041959285736,0.8744443577945878,0.6565743419286232,1.0443844079971314,2115360.0,2115360.0
343,0.39940541982650757,0.8693753411838103,0.6436355885946382,1.0391983270645142,2115360.0,2115360.0
344,0.4030766785144806,0.8688294470872651,0.6488168400297619,1.0505181789398192,2115360.0,2115360.0
345,0.405686616897583,0.8691413865710053,0.6542829601944593,1.0548474073410035,2115360.0,2115360.0
346,0.39951077103614807,0.8708570537315761,0.6512458680469689,1.0564888000488282,2115360.0,2115360.0
347,0.4016892910003662,0.8671917647976293,0.6606907202758295,1.067849326133728,2115360.0,2115360.0
348,0.39819177985191345,0.8709350386025111,0.6504570343529845,1.0617188930511474,2115360.0,2115360.0
349,0.40766486525535583,0.8622007330577868,0.6316425778938827,1.0463605642318725,2115360.0,2115360.0
350,0.40108463168144226,0.86875146221633,0.6369312328043801,1.0608097791671753,2115360.0,2115360.0
351,0.3929584324359894,0.8731965998596273,0.6495606861696986,1.0554760217666626,2115360.0,2115360.0
352,0.38698694109916687,0.876783903922639,0.6716445038124826,1.0519506216049195,2115360.0,2115360.0
353,0.39158597588539124,0.872728690634017,0.6570414011562038,1.07031090259552,2115360.0,2115360.0
354,0.39203888177871704,0.8760040552132886,0.6604997144461706,1.0668449401855469,2115360.0,2115360.0
355,0.3970300853252411,0.870779068860641,0.6431566694940203,1.0423220157623292,2115360.0,2115360.0
356,0.40692776441574097,0.8653981127661233,0.6360492235613672,1.0445236444473267,2115360.0,2115360.0
357,0.3984825909137726,0.8698432504094206,0.6434393895422857,1.0265040636062621,2115360.0,2115360.0
358,0.3955182135105133,0.8721827965374718,0.6600012115946171,1.0375466108322144,2115360.0,2115360.0
359,0.39848223328590393,0.8698432504094206,0.6613497301853686,1.0477613449096679,2115360.0,2115360.0
360,0.40065905451774597,0.8712469780862513,0.6599352056839677,1.0586076021194457,2115360.0,2115360.0
361,0.39838171005249023,0.870623099118771,0.6545499987324772,1.0660427331924438,2115360.0,2115360.0
362,0.40095341205596924,0.8699212352803556,0.6490294773258024,1.057448649406433,2115360.0,2115360.0
363,0.39362189173698425,0.8758480854714186,0.6498666033926577,1.048860239982605,2115360.0,2115360.0
364,0.39223602414131165,0.8741324183108476,0.6630976400745552,1.0540755271911622,2115360.0,2115360.0
365,0.3917824625968933,0.8733525696014973,0.6678830232887721,1.0600682973861695,2115360.0,2115360.0
366,0.3981291353702545,0.8701551898931608,0.6500746319850703,1.0503441095352173,2115360.0,2115360.0
367,0.39988499879837036,0.8701551898931608,0.6506446601877696,1.0484851121902465,2115360.0,2115360.0
368,0.39795565605163574,0.8700772050222257,0.6549169790415565,1.0420257329940796,2115360.0,2115360.0
369,0.38864490389823914,0.8770178585354441,0.650454035679667,1.0607370376586913,2115360.0,2115360.0
370,0.3967770040035248,0.8728846603758871,0.6629858792520601,1.0668680906295775,2115360.0,2115360.0
371,0.4036965072154999,0.8655540825079935,0.6532462671605975,1.0603234052658081,2115360.0,2115360.0
372,0.38781121373176575,0.8757701006004835,0.6559439407279771,1.05563383102417,2115360.0,2115360.0
373,0.4092685878276825,0.8610309599937612,0.6468239114585781,1.0350355148315429,2115360.0,2115360.0
374,0.3977116644382477,0.8730406301177571,0.647897799711067,1.0428974866867065,2115360.0,2115360.0
375,0.3958754539489746,0.8689854168291351,0.6578929152185268,1.0747867107391358,2115360.0,2115360.0
376,0.4026346504688263,0.8675816891523045,0.6571692782898396,1.0546162128448486,2115360.0,2115360.0
377,0.3821360766887665,0.8808391172112611,0.6638974820111955,1.036231231689453,2115360.0,2115360.0
378,0.4020518362522125,0.8678936286360446,0.6541523296173455,1.04997980594635,2115360.0,2115360.0
379,0.40970396995544434,0.8614208843484364,0.6373010173492635,1.0642979383468627,2115360.0,2115360.0
380,0.39837464690208435,0.8700772050222257,0.6531143375206034,1.0623711109161378,2115360.0,2115360.0
381,0.38987958431243896,0.8746003275364579,0.655209362182546,1.0712018489837647,2115360.0,2115360.0
382,0.3956789970397949,0.8746783124073929,0.6639815595519062,1.0654752254486084,2115360.0,2115360.0
383,0.39914679527282715,0.8675037042813694,0.6628529734624483,1.0510161876678468,2115360.0,2115360.0
384,0.3833838701248169,0.8801372533728457,0.6624080862099341,1.0463579654693604,2115360.0,2115360.0
385,0.39676156640052795,0.8701551898931608,0.6504920523124412,1.0681159019470214,2115360.0,2115360.0
386,0.39554643630981445,0.8724167511502768,0.651231865024057,1.0559267044067382,2115360.0,2115360.0
387,0.39719903469085693,0.8683615378616548,0.6586507322290645,1.0456814527511598,2115360.0,2115360.0
388,0.3999616801738739,0.8678156437651096,0.6517802460909519,1.066361927986145,2115360.0,2115360.0
389,0.38626325130462646,0.8776417375029244,0.6611470122459975,1.0584935188293456,2115360.0,2115360.0
390,0.38757118582725525,0.8770958434063791,0.6650316473320314,1.0614078044891357,2115360.0,2115360.0
391,0.3937588334083557,0.8724947360212119,0.6552415878307094,1.067130184173584,2115360.0,2115360.0
392,0.390125036239624,0.8772518131482493,0.658174207556091,1.0560636520385742,2115360.0,2115360.0
393,0.40475520491600037,0.8657100522498635,0.6555329888977857,1.0571692705154419,2115360.0,2115360.0
394,0.39476773142814636,0.872650705763082,0.657725414160689,1.0603560924530029,2115360.0,2115360.0
395,0.38342925906181335,0.8766279341807689,0.6711501061823064,1.042515230178833,2115360.0,2115360.0
396,0.40051576495170593,0.8662559463464088,0.6446372908473109,1.0578400850296021,2115360.0,2115360.0
397,0.3873537480831146,0.876783903922639,0.6470965514057702,1.0738960742950439,2115360.0,2115360.0
398,0.39104822278022766,0.8715589175699914,0.6614292542752536,1.0656973361968993,2115360.0,2115360.0
399,0.39186879992485046,0.8717928721827966,0.6521275991480221,1.0583393096923828,2115360.0,2115360.0
400,0.39564305543899536,0.8725727208921469,0.6609995929037324,1.058751106262207,2115360.0,2115360.0
401,0.3927088975906372,0.8731186149886921,0.6720120896911183,1.0553800821304322,2115360.0,2115360.0
402,0.38810697197914124,0.8796693441472354,0.6775986393802802,1.0393128633499145,2115360.0,2115360.0
403,0.3845822513103485,0.8813070264368712,0.6618876672229762,1.047373390197754,2115360.0,2115360.0
404,0.4063239097595215,0.8630585666380722,0.6457989238958994,1.066533088684082,2115360.0,2115360.0
405,0.38746461272239685,0.8764719644388989,0.6648871791858778,1.0469114065170289,2115360.0,2115360.0
406,0.38436758518218994,0.8774857677610544,0.6615036529958139,1.0606775283813477,2115360.0,2115360.0
407,0.3926857113838196,0.8752242065039383,0.6660807773306577,1.0449368000030517,2115360.0,2115360.0
408,0.3871404528617859,0.8756921157295484,0.6520446087639188,1.057884120941162,2115360.0,2115360.0
409,0.3963046967983246,0.870623099118771,0.6524059802464658,1.0511556148529053,2115360.0,2115360.0
410,0.38731649518013,0.8772518131482493,0.6639418035505281,1.0757109880447389,2115360.0,2115360.0
411,0.3854433596134186,0.8763939795679638,0.6716932188758338,1.0587099313735961,2115360.0,2115360.0
412,0.3951931595802307,0.8697652655384855,0.6532650231175487,1.0504882097244264,2115360.0,2115360.0
413,0.38837766647338867,0.8774077828901193,0.6631370156658065,1.0710700035095215,2115360.0,2115360.0
414,0.4086560606956482,0.8614988692193715,0.6426681058192713,1.0702799558639526,2115360.0,2115360.0
415,0.40100347995758057,0.866645870701084,0.6482943795531383,1.0401601314544677,2115360.0,2115360.0
416,0.3833298087120056,0.8799032987600406,0.6651303527964484,1.061621117591858,2115360.0,2115360.0
417,0.37822169065475464,0.8815409810496764,0.6708487954842098,1.0653564453125,2115360.0,2115360.0
418,0.3838547170162201,0.8754581611167433,0.6596434900424843,1.0508566856384278,2115360.0,2115360.0
419,0.3931789994239807,0.870623099118771,0.6625431578670019,1.0574396133422852,2115360.0,2115360.0
420,0.4076872766017914,0.862668642283397,0.6550198504348705,1.0565752029418944,2115360.0,2115360.0
421,0.38630977272987366,0.8806831474693909,0.6580478536478911,1.055947518348694,2115360.0,2115360.0
422,0.39087435603141785,0.8760040552132886,0.6559393382081894,1.0446677923202514,2115360.0,2115360.0
423,0.39900854229927063,0.8653981127661233,0.6612655213752128,1.0706494092941283,2115360.0,2115360.0
424,0.3816229999065399,0.8797473290181704,0.6763275105558082,1.0691003561019898,2115360.0,2115360.0
425,0.3919244408607483,0.8684395227325898,0.6646261955000345,1.040622615814209,2115360.0,2115360.0
426,0.4021467864513397,0.8671917647976293,0.6483158622371008,1.0488267898559571,2115360.0,2115360.0
427,0.3959994912147522,0.8711689932153163,0.6529199533668896,1.050328254699707,2115360.0,2115360.0
428,0.39090579748153687,0.870623099118771,0.6596205203036791,1.0588393926620483,2115360.0,2115360.0
429,0.37816476821899414,0.8815409810496764,0.6749862769754599,1.0384011030197144,2115360.0,2115360.0
430,0.38251596689224243,0.8784215862122748,0.6752756063101613,1.0567469358444215,2115360.0,2115360.0
431,0.38169243931770325,0.8781096467285346,0.6722083094319344,1.0364367485046386,2115360.0,2115360.0
432,0.40077367424964905,0.8630585666380722,0.647669785359468,1.0603223085403441,2115360.0,2115360.0
433,0.3878021836280823,0.8763159946970288,0.6551012832404606,1.0462900400161743,2115360.0,2115360.0
434,0.3949775695800781,0.8709350386025111,0.6529177358649225,1.0546799182891846,2115360.0,2115360.0
435,0.3841512203216553,0.8803712079856508,0.6784777809134053,1.0601936817169189,2115360.0,2115360.0
436,0.388857901096344,0.8755361459876784,0.6692687853652638,1.0335212469100952,2115360.0,2115360.0
437,0.3805573582649231,0.8808391172112611,0.6749831002369058,1.051314377784729,2115360.0,2115360.0
438,0.3799036145210266,0.8787335256960149,0.6702445948779268,1.0576756954193116,2115360.0,2115360.0
439,0.40792685747146606,0.8597052171878655,0.652135178356666,1.0401382446289062,2115360.0,2115360.0
440,0.39386487007141113,0.8721827965374718,0.6523142431756759,1.0465508937835692,2115360.0,2115360.0
441,0.3817893862724304,0.8810730718240661,0.6699414404362556,1.0496766090393066,2115360.0,2115360.0
442,0.38853543996810913,0.8739764485689776,0.666491537764035,1.0520617961883545,2115360.0,2115360.0
443,0.39350080490112305,0.868673477345395,0.6665865258212189,1.0589438676834106,2115360.0,2115360.0
444,0.378304660320282,0.8813070264368712,0.6770362538428235,1.0557368755340577,2115360.0,2115360.0
445,0.40023499727249146,0.8636044607346175,0.6521643660648513,1.0612863540649413,2115360.0,2115360.0
446,0.3783821165561676,0.8807611323403259,0.6552435834798573,1.0599181413650514,2115360.0,2115360.0
447,0.3748932182788849,0.8819309054043516,0.6622672971081921,1.0561804294586181,2115360.0,2115360.0
448,0.3836469352245331,0.8780316618575996,0.6653623219914412,1.0421563386917114,2115360.0,2115360.0
449,0.36710622906684875,0.8859861186929736,0.6731567322158195,1.0459014892578125,2115360.0,2115360.0
450,0.39054208993911743,0.8695313109256804,0.672996426996662,1.0630099058151246,2115360.0,2115360.0
451,0.3984856903553009,0.8664119160882788,0.6566832350707739,1.0476102352142334,2115360.0,2115360.0
452,0.3843105435371399,0.8783436013413398,0.6620065034163198,1.0566901445388794,2115360.0,2115360.0
453,0.38011255860328674,0.8781876315994697,0.6603475269980249,1.0503118276596068,2115360.0,2115360.0
454,0.38672298192977905,0.8755361459876784,0.6682038039079994,1.0480562210083009,2115360.0,2115360.0
455,0.3804190158843994,0.8825547843718319,0.6812748474944206,1.0594299554824829,2115360.0,2115360.0
456,0.40231454372406006,0.8650861732823832,0.6650719056882596,1.0688563585281372,2115360.0,2115360.0
457,0.37083449959754944,0.8847383607580129,0.6759085932380741,1.0656158208847046,2115360.0,2115360.0
458,0.38862884044647217,0.8735085393433674,0.6554171144713636,1.058534526824951,2115360.0,2115360.0
459,0.3928624987602234,0.8742883880527178,0.6560663312170187,1.0530843257904052,2115360.0,2115360.0
460,0.38306593894958496,0.8772518131482493,0.6601976089178642,1.056169581413269,2115360.0,2115360.0
461,0.3934440016746521,0.8672697496685643,0.6716344164175275,1.053961443901062,2115360.0,2115360.0
462,0.37755247950553894,0.8798253138891056,0.6770881371093572,1.0672913074493409,2115360.0,2115360.0
463,0.39314109086990356,0.872728690634017,0.6598488875904072,1.0627588748931884,2115360.0,2115360.0
464,0.40180301666259766,0.8658660219917336,0.6532995631764391,1.036352014541626,2115360.0,2115360.0
465,0.38122034072875977,0.8809950869531311,0.66063333689299,1.0549134969711305,2115360.0,2115360.0
466,0.38285231590270996,0.8768618887935741,0.6684363391099389,1.0640782356262206,2115360.0,2115360.0
467,0.3844602406024933,0.8756921157295484,0.6761581770944213,1.0673106908798218,2115360.0,2115360.0
468,0.39004260301589966,0.8749122670201981,0.6656832385284266,1.0564846038818358,2115360.0,2115360.0
469,0.3797353208065033,0.8834126179521173,0.6692698006978874,1.0482468605041504,2115360.0,2115360.0
470,0.3995721936225891,0.8656320673789285,0.6559074870517003,1.0681848049163818,2115360.0,2115360.0
471,0.38776129484176636,0.8746003275364579,0.6711719351069315,1.0632161855697633,2115360.0,2115360.0
472,0.37078359723091125,0.8866099976604539,0.6687372450844233,1.0607826232910156,2115360.0,2115360.0
473,0.37779730558395386,0.8802152382437807,0.6622951767040764,1.0511693716049195,2115360.0,2115360.0
474,0.3964292109012604,0.8662559463464088,0.662546868118215,1.0286295890808106,2115360.0,2115360.0
475,0.3823989927768707,0.8807611323403259,0.6717885371061277,1.036363410949707,2115360.0,2115360.0
476,0.3824748992919922,0.8823208297590267,0.6685030095678823,1.040677785873413,2115360.0,2115360.0
477,0.39259573817253113,0.8709350386025111,0.6642122943203688,1.0559634208679198,2115360.0,2115360.0
478,0.3835088014602661,0.8782656164704047,0.6628319179918665,1.0562725782394409,2115360.0,2115360.0
479,0.3845142126083374,0.8794353895344303,0.6700157874952392,1.0493886709213256,2115360.0,2115360.0
480,0.38646891713142395,0.8713249629571863,0.6649482663331595,1.070733380317688,2115360.0,2115360.0
481,0.3682985007762909,0.8845044061452079,0.669382684561172,1.0513620615005492,2115360.0,2115360.0
482,0.3783140480518341,0.8799812836309756,0.6676688116145811,1.0569674491882324,2115360.0,2115360.0
483,0.39842289686203003,0.8656320673789285,0.6550823803824886,1.0767991304397584,2115360.0,2115360.0
484,0.3834650218486786,0.8788894954378851,0.6648291511585018,1.0666051626205444,2115360.0,2115360.0
485,0.3815546929836273,0.8805271777275209,0.6693046476031697,1.0467943668365478,2115360.0,2115360.0
486,0.38697129487991333,0.8721048116665366,0.6687369564276676,1.0522149085998536,2115360.0,2115360.0
487,0.3787984251976013,0.8792014349216252,0.6760442182855813,1.0705241680145263,2115360.0,2115360.0
488,0.379805326461792,0.8818529205334165,0.669511729028279,1.0672634840011597,2115360.0,2115360.0
489,0.3937512934207916,0.8714809326990564,0.6611150442871562,1.0645834445953368,2115360.0,2115360.0
490,0.39012062549591064,0.8703891445059658,0.6618596239297939,1.0651822090148926,2115360.0,2115360.0
491,0.38188451528549194,0.8777977072447946,0.6660421146351088,1.052600622177124,2115360.0,2115360.0
492,0.38018062710762024,0.8838025423067924,0.675386838586374,1.064299964904785,2115360.0,2115360.0
493,0.38647234439849854,0.8743663729236528,0.6660251492376947,1.071367859840393,2115360.0,2115360.0
494,0.38899898529052734,0.8737424939561725,0.6605346477983125,1.0587875127792359,2115360.0,2115360.0
495,0.38362640142440796,0.8770958434063791,0.6645136362139831,1.0595494508743286,2115360.0,2115360.0
496,0.3690628111362457,0.8873898463698042,0.6802705465908937,1.0476945638656616,2115360.0,2115360.0
497,0.3866553008556366,0.8739764485689776,0.663947202768877,1.043130135536194,2115360.0,2115360.0
498,0.39339500665664673,0.8711689932153163,0.6649673087118847,1.0544441938400269,2115360.0,2115360.0
499,0.3712509274482727,0.8849723153708181,0.678792417729135,1.0705938816070557,2115360.0,2115360.0
500,0.3851814866065979,0.8738984636980426,0.6670450388179222,1.070426869392395,2115360.0,2115360.0
