round,loss,accuracy,f1,dp_epsilon,dp_epsilon_mean,dp_epsilon_max,fit_wall_s,comm_bytes_down,comm_bytes_up,dp_clip_norm,dp_noise_multiplier,dp_target_epsilon,memory_usage_mb,prox_mu
1,1.8014094829559326,0.344921875,0.09222127034209879,0.28223533378602655,0.5312985701819767,2.0301408025779497,3.9331111595385573,105768.0,105768.0,1.0,8.6,10.0,892.1660131877827,0.01
2,1.638323426246643,0.4124999999999999,0.10393811736540468,0.2822353337860265,0.5312985701819767,2.0301408025779497,2.659489642214504,105767.99999999999,105767.99999999999,1.0,8.6,10.0,1479.5087862444673,0.01
3,2.1760263442993164,0.449296875,0.1560088711976771,0.2822353337860265,0.5312985701819766,2.0301408025779497,2.6584868952387892,105767.99999999999,105767.99999999999,1.0,8.6,10.0,1480.1936473474545,0.01
4,1.769032597541809,0.5665625,0.22318352353296814,0.28223533378602655,0.5312985701819767,2.0301408025779497,2.628892526599997,105768.0,105768.0,1.0,8.6,10.0,1480.628995284594,0.01
5,1.989719271659851,0.6079687499999998,0.26613083626322187,0.28223533378602655,0.5312985701819766,2.0301408025779497,2.652525275155398,105768.00000000001,105768.00000000001,1.0,8.6,10.0,1480.7857073657578,0.01
6,1.9711006879806519,0.62125,0.25558810439524404,0.2822353337860265,0.5312985701819766,2.0301408025779497,2.647983398927093,105768.0,105768.0,1.0,8.6,10.0,1480.993513650854,0.01
7,2.6115007400512695,0.6785156249999998,0.23807681849524437,0.28223533378602655,0.5312985701819767,2.0301408025779497,2.6333077325777783,105768.0,105768.0,1.0,8.6,10.0,1481.1383422413624,0.01
8,1.4844149351119995,0.568984375,0.24303745775430924,0.2822353337860265,0.5312985701819766,2.0301408025779497,2.643156366394009,105767.99999999999,105767.99999999999,1.0,8.6,10.0,1481.1819227329006,0.01
9,2.208087205886841,0.7040624999999999,0.34211916157805583,0.28223533378602655,0.5312985701819766,2.0301408025779497,2.6508924891267767,105768.0,105768.0,1.0,8.6,10.0,1481.2618969715138,0.01
10,1.6401798725128174,0.7039062499999998,0.3403678626542342,0.28223533378602655,0.5312985701819766,2.0301408025779497,2.624619885393543,105768.0,105768.0,1.0,8.6,10.0,1481.316326126482,0.01
11,2.3447680473327637,0.503828125,0.20156573014979898,0.28223533378602655,0.5312985701819767,2.0301408025779497,2.63443950527991,105768.00000000001,105768.00000000001,1.0,8.6,10.0,1481.387465452445,0.01
12,2.081101179122925,0.7039062499999998,0.3422166122990175,0.2822353337860265,0.5312985701819766,2.0301408025779497,2.663965981429833,105768.0,105768.0,1.0,8.6,10.0,1481.4305036631376,0.01
13,1.864591121673584,0.72375,0.341464111540372,0.28223533378602655,0.5312985701819766,2.0301408025779497,2.6560012399778405,105768.0,105768.0,1.0,8.6,10.0,1481.489225367045,0.01
14,2.2819037437438965,0.52328125,0.22522309272768606,0.2822353337860266,0.5312985701819766,2.0301408025779497,2.6564317058101867,105768.0,105768.0,1.0,8.6,10.0,1481.6965655343356,0.01
15,2.9461135864257812,0.61796875,0.23106298947252854,0.2822353337860265,0.5312985701819766,2.0301408025779497,2.6153396629232866,105768.0,105768.0,1.0,8.6,10.0,1481.7124044001523,0.01
16,2.7224886417388916,0.538203125,0.20832845143874681,0.2822353337860265,0.5312985701819766,2.0301408025779497,2.6196515451325877,105767.99999999999,105767.99999999999,1.0,8.6,10.0,1481.7772343798745,0.01
17,2.3538026809692383,0.64265625,0.2919588016977605,0.2822353337860265,0.5312985701819766,2.0301408025779497,2.6204035893289483,105768.0,105768.0,1.0,8.6,10.0,1481.8110203044573,0.01
18,2.553572416305542,0.51734375,0.22683028946579392,0.2822353337860265,0.5312985701819766,2.0301408025779497,2.610796048732876,105768.0,105768.0,1.0,8.6,10.0,1481.8989611970637,0.01
19,3.040931224822998,0.461015625,0.19503145203652855,0.28223533378602655,0.5312985701819767,2.0301408025779497,2.6559064313664744,105768.0,105768.0,1.0,8.6,10.0,1481.9085699262014,0.01
20,2.630650043487549,0.5240625,0.24810481015404395,0.2822353337860266,0.5312985701819767,2.0301408025779497,2.6169733605840766,105768.0,105768.0,1.0,8.6,10.0,1481.9158815780495,0.01
21,1.5644282102584839,0.6534375,0.3685901690558669,0.28223533378602655,0.5312985701819766,2.0301408025779497,2.649807696957202,105768.0,105768.0,1.0,8.6,10.0,1482.0036335863167,0.01
22,2.5934691429138184,0.528125,0.22707964661957353,0.28223533378602655,0.5312985701819766,2.0301408025779497,2.6603731627240044,105768.00000000001,105768.00000000001,1.0,8.6,10.0,1482.0111584946771,0.01
23,1.4759248495101929,0.7443749999999999,0.38142895348914535,0.2822353337860266,0.5312985701819766,2.0301408025779497,2.615496632499082,105768.0,105768.0,1.0,8.6,10.0,1482.1123761284314,0.01
24,2.688788890838623,0.581953125,0.2404244956033219,0.28223533378602655,0.5312985701819766,2.0301408025779497,2.6614526736068758,105768.0,105768.0,1.0,8.6,10.0,1482.1529436101036,0.01
25,3.951997756958008,0.57390625,0.2261858925264146,0.28223533378602655,0.5312985701819766,2.0301408025779497,2.619615959249073,105767.99999999999,105767.99999999999,1.0,8.6,10.0,1482.2013132336024,0.01
26,1.9777400493621826,0.6782812499999998,0.3269106879278209,0.2822353337860266,0.5312985701819766,2.0301408025779497,2.6570634526881762,105768.0,105768.0,1.0,8.6,10.0,1482.2013132336024,0.01
27,2.019040584564209,0.661640625,0.299282401856412,0.28223533378602655,0.5312985701819767,2.0301408025779497,2.6332509460119726,105768.0,105768.0,1.0,8.6,10.0,1482.2086248854507,0.01
28,2.0944759845733643,0.65,0.29693684354844685,0.28223533378602655,0.5312985701819767,2.0301408025779497,2.6455783896105207,105768.0,105768.0,1.0,8.6,10.0,1482.208624885451,0.01
29,2.258357048034668,0.69765625,0.29208675960367325,0.2822353337860266,0.5312985701819766,2.0301408025779497,2.636246279404997,105768.0,105768.0,1.0,8.6,10.0,1482.2393460093003,0.01
30,1.9106063842773438,0.612109375,0.32950102333131837,0.2822353337860265,0.5312985701819766,2.0301408025779497,2.655989130830788,105768.0,105768.0,1.0,8.6,10.0,1485.1702435115183,0.01
31,2.2527427673339844,0.7023437500000002,0.31947445287012116,0.2822353337860265,0.5312985701819766,2.0301408025779497,2.6459489821169755,105768.0,105768.0,1.0,8.6,10.0,1485.2163830812033,0.01
32,2.740302801132202,0.696875,0.3404198505934533,0.2822353337860266,0.5312985701819766,2.0301408025779497,2.634710476604309,105768.0,105768.0,1.0,8.6,10.0,1485.2163830812033,0.01
33,2.3314170837402344,0.7014062499999999,0.3255971593731212,0.2822353337860266,0.5312985701819766,2.0301408025779497,2.635355031968204,105768.0,105768.0,1.0,8.6,10.0,1485.216383081203,0.01
34,1.5614910125732422,0.7056249999999998,0.3410205445983821,0.2822353337860265,0.5312985701819766,2.0301408025779497,2.74239415607648,105767.99999999999,105767.99999999999,1.0,8.6,10.0,1485.2163830812033,0.01
35,2.768265724182129,0.71875,0.3509287226999764,0.28223533378602655,0.5312985701819766,2.0301408025779497,2.6633429068556596,105767.99999999999,105767.99999999999,1.0,8.6,10.0,1485.216383081203,0.01
36,1.6696147918701172,0.743828125,0.35489643974397617,0.2822353337860265,0.5312985701819766,2.0301408025779497,2.6353155571210216,105768.0,105768.0,1.0,8.6,10.0,1485.2471042050527,0.01
37,1.7944945096969604,0.75265625,0.35557463876299994,0.28223533378602655,0.5312985701819766,2.0301408025779497,2.6018950972788017,105768.0,105768.0,1.0,8.6,10.0,1485.2544158569012,0.01
38,1.8454058170318604,0.718125,0.3596762527038107,0.28223533378602655,0.5312985701819767,2.0301408025779497,2.637804730036872,105768.0,105768.0,1.0,8.6,10.0,1486.2248227076755,0.01
39,2.443432569503784,0.7153906249999998,0.3632089280948406,0.2822353337860266,0.5312985701819766,2.0301408025779497,2.634010780705544,105768.0,105768.0,1.0,8.6,10.0,1486.2402411535104,0.01
40,1.8986350297927856,0.71203125,0.38356150654601934,0.2822353337860265,0.5312985701819766,2.0301408025779497,2.656078897950021,105768.0,105768.0,1.0,8.6,10.0,1486.2402411535106,0.01
41,2.2004220485687256,0.7121875,0.36020591634059707,0.28223533378602655,0.5312985701819767,2.0301408025779497,2.642526489034158,105768.0,105768.0,1.0,8.6,10.0,1486.247552805359,0.01
42,4.285318374633789,0.61609375,0.25814945103531795,0.2822353337860265,0.5312985701819766,2.0301408025779497,2.647092340559097,105768.0,105768.0,1.0,8.6,10.0,1486.2782739292086,0.01
43,2.9399819374084473,0.634296875,0.28493729926470573,0.2822353337860266,0.5312985701819766,2.0301408025779497,2.660644722657054,105768.0,105768.0,1.0,8.6,10.0,1486.2782739292086,0.01
44,2.720857858657837,0.697265625,0.31811616873995885,0.2822353337860266,0.5312985701819766,2.0301408025779497,2.6291778094635387,105768.0,105768.0,1.0,8.6,10.0,1486.2857988375692,0.01
45,1.9299347400665283,0.711640625,0.3834619269035778,0.2822353337860266,0.5312985701819766,2.0301408025779497,2.640221907672821,105768.0,105768.0,1.0,8.6,10.0,1486.3094855430365,0.01
46,2.6012802124023438,0.7332031249999998,0.38445866685698665,0.2822353337860265,0.5312985701819766,2.0301408025779497,2.641572094357826,105768.0,105768.0,1.0,8.6,10.0,1486.3094855430365,0.01
47,2.495023250579834,0.65515625,0.35164270159428834,0.28223533378602655,0.5312985701819766,2.0301408025779497,2.6722670878556642,105768.0,105768.0,1.0,8.6,10.0,1486.366912475262,0.01
48,2.0715606212615967,0.717265625,0.39192364308393307,0.28223533378602655,0.5312985701819767,2.0301408025779497,2.6538622585097524,105768.0,105768.0,1.0,8.6,10.0,1486.3669124752623,0.01
49,2.5275237560272217,0.6528125,0.3464778339820022,0.28223533378602655,0.5312985701819766,2.0301408025779497,2.6369428279953615,105768.0,105768.0,1.0,8.6,10.0,1486.3669124752623,0.01
50,2.6748392581939697,0.6814062500000001,0.3749625220426117,0.28223533378602655,0.5312985701819766,2.0301408025779497,2.62998306593198,105767.99999999999,105767.99999999999,1.0,8.6,10.0,1486.3669124752623,0.01
51,2.0604164600372314,0.7221093750000002,0.39401326583614715,0.28223533378602655,0.5312985701819766,2.0301408025779497,2.6522599617863314,105768.00000000001,105768.00000000001,1.0,8.6,10.0,1486.8078050817198,0.01
52,1.9873552322387695,0.705703125,0.3872914934760717,0.2822353337860265,0.5312985701819767,2.0301408025779497,2.627103044864559,105768.00000000001,105768.00000000001,1.0,8.6,10.0,1486.8151167335682,0.01
53,2.5228075981140137,0.6982812500000001,0.37286114792794844,0.2822353337860266,0.5312985701819766,2.0301408025779497,2.618716241639892,105767.99999999999,105767.99999999999,1.0,8.6,10.0,1486.8151167335684,0.01
54,1.8546950817108154,0.769140625,0.443705374850989,0.28223533378602655,0.5312985701819767,2.0301408025779497,2.6455891791901376,105768.00000000001,105768.00000000001,1.0,8.6,10.0,1486.820664449408,0.01
55,2.86747145652771,0.63046875,0.33671735644870304,0.28223533378602655,0.5312985701819766,2.0301408025779497,2.65735859329625,105767.99999999999,105767.99999999999,1.0,8.6,10.0,1486.8345626809635,0.01
56,3.5073864459991455,0.579921875,0.29003567620744913,0.28223533378602655,0.5312985701819767,2.0301408025779497,2.6304639712861615,105768.0,105768.0,1.0,8.6,10.0,1486.8345626809632,0.01
57,1.6106607913970947,0.73109375,0.4291533872726673,0.28223533378602655,0.5312985701819766,2.0301408025779497,2.6475317107870624,105768.0,105768.0,1.0,8.6,10.0,1486.8345626809635,0.01
58,1.567679524421692,0.732265625,0.4312616409951564,0.2822353337860265,0.5312985701819767,2.0301408025779497,2.6519852238035373,105768.0,105768.0,1.0,8.6,10.0,1486.8345626809635,0.01
59,2.9016807079315186,0.701171875,0.3742582541003877,0.2822353337860265,0.5312985701819766,2.0301408025779497,2.600721056046491,105768.0,105768.0,1.0,8.6,10.0,1486.8345626809635,0.01
60,3.7844388484954834,0.63546875,0.28294340688189906,0.28223533378602655,0.5312985701819766,2.0301408025779497,2.6095989208068215,105768.0,105768.0,1.0,8.6,10.0,1486.8345626809635,0.01
61,3.607985019683838,0.6642968749999999,0.31230302860320014,0.2822353337860265,0.5312985701819766,2.0301408025779497,2.6427800562531987,105767.99999999999,105767.99999999999,1.0,8.6,10.0,1486.8499811267986,0.01
62,3.7066264152526855,0.7014062499999999,0.32941043838403156,0.2822353337860265,0.5312985701819766,2.0301408025779497,2.6570855137515674,105768.0,105768.0,1.0,8.6,10.0,1486.8499811267986,0.01
63,5.200088024139404,0.6982812500000001,0.36371811309554736,0.28223533378602655,0.5312985701819767,2.0301408025779497,2.623539652328487,105768.00000000001,105768.00000000001,1.0,8.6,10.0,1486.8499811267986,0.01
64,3.5040102005004883,0.686015625,0.3697695147457287,0.2822353337860266,0.5312985701819766,2.0301408025779497,2.677673014584244,105768.0,105768.0,1.0,8.6,10.0,1486.8572927786472,0.01
65,3.403129816055298,0.706171875,0.37411480209384845,0.28223533378602655,0.5312985701819766,2.0301408025779497,2.6143610783698796,105768.0,105768.0,1.0,8.6,10.0,1486.8572927786472,0.01
66,4.335796356201172,0.7060156249999999,0.3383960348155318,0.28223533378602655,0.5312985701819766,2.0301408025779497,2.6234778696690015,105768.0,105768.0,1.0,8.6,10.0,1487.9423969026625,0.01
67,3.808955669403076,0.693046875,0.3780577226398733,0.28223533378602655,0.5312985701819766,2.0301408025779497,2.6108044271600392,105768.0,105768.0,1.0,8.6,10.0,1487.9431402539335,0.01
68,3.0245723724365234,0.7471093750000001,0.3991631170259156,0.2822353337860266,0.5312985701819767,2.0301408025779497,2.6132107683907915,105768.0,105768.0,1.0,8.6,10.0,1487.9431402539337,0.01
69,2.8131296634674072,0.6884374999999999,0.3846968054774779,0.2822353337860266,0.5312985701819766,2.0301408025779497,2.6068523069510983,105768.0,105768.0,1.0,8.6,10.0,1487.958558699769,0.01
70,3.2417197227478027,0.6728906250000001,0.3297913040666572,0.28223533378602655,0.5312985701819766,2.0301408025779497,2.645980808440543,105768.0,105768.0,1.0,8.6,10.0,1489.8471151116,0.01
71,2.235490560531616,0.7434375,0.39882715456030865,0.28223533378602655,0.5312985701819766,2.0301408025779497,2.652719904704801,105768.0,105768.0,1.0,8.6,10.0,1489.8471151116,0.01
72,2.507758140563965,0.7034375,0.3916571815418012,0.2822353337860265,0.5312985701819766,2.0301408025779497,2.658825991710994,105768.0,105768.0,1.0,8.6,10.0,1489.8471151116,0.01
73,3.0243141651153564,0.71484375,0.4006941247240842,0.28223533378602655,0.5312985701819767,2.0301408025779497,2.6009262487550284,105768.0,105768.0,1.0,8.6,10.0,1489.8471151116,0.01
74,2.1993260383605957,0.76171875,0.45451318507828187,0.2822353337860265,0.5312985701819766,2.0301408025779497,2.6127746292347656,105768.0,105768.0,1.0,8.6,10.0,1489.8471151116003,0.01
75,2.3347036838531494,0.7048437500000001,0.4137054193608912,0.2822353337860266,0.5312985701819766,2.0301408025779497,2.6115841551013714,105767.99999999999,105767.99999999999,1.0,8.6,10.0,1489.8778362354499,0.01
76,3.1641650199890137,0.6818749999999999,0.3845905340328234,0.2822353337860266,0.5312985701819766,2.0301408025779497,2.6110644094277573,105767.99999999999,105767.99999999999,1.0,8.6,10.0,1489.8861501929055,0.01
77,2.508309841156006,0.69578125,0.42909755720957576,0.28223533378602655,0.5312985701819766,2.0301408025779497,2.608685099084707,105768.0,105768.0,1.0,8.6,10.0,1490.0355089610384,0.01
78,3.349091053009033,0.696640625,0.34892063738324197,0.2822353337860266,0.5312985701819766,2.0301408025779497,2.603423680307676,105767.99999999999,105767.99999999999,1.0,8.6,10.0,1490.0355089610389,0.01
79,3.5168912410736084,0.7059375,0.35688747557475836,0.28223533378602655,0.5312985701819766,2.0301408025779497,2.6071213490969307,105768.0,105768.0,1.0,8.6,10.0,1490.0355089610384,0.01
80,2.0933165550231934,0.7463281249999999,0.4225533960488307,0.28223533378602655,0.5312985701819766,2.0301408025779497,2.636108575643011,105768.0,105768.0,1.0,8.6,10.0,1490.0355089610384,0.01
81,3.081831693649292,0.73234375,0.405532736557919,0.2822353337860265,0.5312985701819766,2.0301408025779497,2.643114256707281,105767.99999999999,105767.99999999999,1.0,8.6,10.0,1490.050927406874,0.01
82,3.2284629344940186,0.699375,0.4000365127454149,0.2822353337860266,0.5312985701819766,2.0301408025779497,2.6486185466633296,105768.0,105768.0,1.0,8.6,10.0,1490.0516707581453,0.01
83,2.0369510650634766,0.739375,0.47208019859963624,0.28223533378602655,0.5312985701819766,2.0301408025779497,2.634978610041956,105768.0,105768.0,1.0,8.6,10.0,1490.0589824099936,0.01
84,2.097010850906372,0.7683593749999998,0.4838605132249714,0.2822353337860266,0.5312985701819767,2.0301408025779497,2.6321761136985833,105768.0,105768.0,1.0,8.6,10.0,1490.0589824099934,0.01
85,1.6744787693023682,0.791640625,0.4946822533752742,0.2822353337860265,0.5312985701819766,2.0301408025779497,2.6441071239830163,105768.0,105768.0,1.0,8.6,10.0,1490.066507318354,0.01
86,1.9339019060134888,0.76109375,0.4584758877347408,0.28223533378602655,0.5312985701819766,2.0301408025779497,2.649211065043267,105767.99999999999,105767.99999999999,1.0,8.6,10.0,1490.066507318354,0.01
87,2.7582075595855713,0.72859375,0.4178726118108062,0.2822353337860266,0.5312985701819767,2.0301408025779497,2.6435302499675317,105768.0,105768.0,1.0,8.6,10.0,1490.066507318354,0.01
88,2.458658456802368,0.7540625,0.42640704022324594,0.28223533378602655,0.5312985701819766,2.0301408025779497,2.646151823565919,105767.99999999999,105767.99999999999,1.0,8.6,10.0,1490.0665073183543,0.01
89,2.813159704208374,0.753984375,0.4247395297303438,0.2822353337860266,0.5312985701819766,2.0301408025779497,2.61616884412529,105768.0,105768.0,1.0,8.6,10.0,1490.066507318354,0.01
90,3.839808225631714,0.6982031249999999,0.3657611182304458,0.28223533378602655,0.5312985701819767,2.0301408025779497,2.6147345691858894,105768.00000000001,105768.00000000001,1.0,8.6,10.0,1490.0755646270811,0.01
91,2.5658817291259766,0.728125,0.454859626384918,0.2822353337860265,0.5312985701819766,2.0301408025779497,2.6176957446268876,105768.0,105768.0,1.0,8.6,10.0,1490.0755646270811,0.01
92,2.015854835510254,0.769375,0.49031894006582194,0.28223533378602655,0.5312985701819767,2.0301408025779497,2.6355706960720573,105767.99999999999,105767.99999999999,1.0,8.6,10.0,1490.0755646270813,0.01
93,2.033109188079834,0.754609375,0.46842515429308834,0.2822353337860265,0.5312985701819766,2.0301408025779497,2.6512189499023946,105768.0,105768.0,1.0,8.6,10.0,1490.0755646270813,0.01
94,3.3749637603759766,0.71890625,0.4588290575867165,0.28223533378602655,0.5312985701819767,2.0301408025779497,2.6615800736493807,105768.0,105768.0,1.0,8.6,10.0,1490.0755646270813,0.01
95,2.4640629291534424,0.76203125,0.4490837142883102,0.2822353337860266,0.5312985701819767,2.0301408025779497,2.621654070705766,105768.0,105768.0,1.0,8.6,10.0,1490.0887195073656,0.01
96,2.5060133934020996,0.7478125000000001,0.4295010005829879,0.2822353337860266,0.5312985701819766,2.0301408025779497,2.6231595590545616,105768.0,105768.0,1.0,8.6,10.0,1490.0894628586366,0.01
97,2.554002046585083,0.757421875,0.3726829705497375,0.28223533378602655,0.5312985701819766,2.0301408025779497,2.608702995293301,105768.0,105768.0,1.0,8.6,10.0,1490.0894628586364,0.01
98,3.165193557739258,0.7216406249999999,0.47309656970671704,0.28223533378602655,0.5312985701819767,2.0301408025779497,2.652877229184372,105768.00000000001,105768.00000000001,1.0,8.6,10.0,1490.0894628586364,0.01
99,2.3687801361083984,0.757890625,0.44478233449726556,0.28223533378602655,0.5312985701819767,2.0301408025779497,2.641859785161623,105768.0,105768.0,1.0,8.6,10.0,1490.0894628586366,0.01
100,2.606121063232422,0.72375,0.4262366390223062,0.28223533378602655,0.5312985701819766,2.0301408025779497,2.659342322826869,105768.0,105768.0,1.0,8.6,10.0,1490.0894628586366,0.01
101,2.9055213928222656,0.7002343750000001,0.3840940172163929,0.2822353337860265,0.5312985701819766,2.0301408025779497,2.649638043501841,105768.0,105768.0,1.0,8.6,10.0,1490.0894628586368,0.01
102,3.5818395614624023,0.673671875,0.39684906367310496,0.2822353337860265,0.5312985701819766,2.0301408025779497,2.6025819911718404,105767.99999999999,105767.99999999999,1.0,8.6,10.0,1490.1093505516642,0.01
103,3.3309357166290283,0.71203125,0.3816032429915184,0.2822353337860266,0.5312985701819766,2.0301408025779497,2.6002875357852338,105768.0,105768.0,1.0,8.6,10.0,1490.1776078681905,0.01
104,4.330357551574707,0.626796875,0.3512442190444773,0.2822353337860265,0.5312985701819766,2.0301408025779497,2.598747795596173,105768.0,105768.0,1.0,8.6,10.0,1490.17760786819,0.01
105,3.232466697692871,0.73,0.44139588102405397,0.2822353337860266,0.5312985701819766,2.0301408025779497,2.6343810221898245,105768.00000000003,105768.00000000003,1.0,8.6,10.0,1490.17760786819,0.01
106,3.721445083618164,0.700078125,0.3988021619663592,0.28223533378602655,0.5312985701819766,2.0301408025779497,2.6243688281241417,105768.0,105768.0,1.0,8.6,10.0,1490.1776078681903,0.01
107,3.0426175594329834,0.75515625,0.44236339554491233,0.2822353337860265,0.5312985701819766,2.0301408025779497,2.636190373943853,105767.99999999999,105767.99999999999,1.0,8.6,10.0,1490.1776078681903,0.01
108,2.1943485736846924,0.7678124999999999,0.48123859347391507,0.28223533378602655,0.5312985701819766,2.0301408025779497,2.611524490526548,105768.0,105768.0,1.0,8.6,10.0,1490.1776078681903,0.01
109,4.798986434936523,0.6346875,0.3838986210111028,0.2822353337860266,0.5312985701819767,2.0301408025779497,2.601448747073594,105768.0,105768.0,1.0,8.6,10.0,1490.1776078681905,0.01
110,2.9126925468444824,0.721171875,0.41930578703649407,0.2822353337860265,0.5312985701819767,2.0301408025779497,2.660537015729791,105768.0,105768.0,1.0,8.6,10.0,1490.1776078681905,0.01
111,3.398571014404297,0.66671875,0.37741118058020845,0.2822353337860266,0.5312985701819766,2.0301408025779497,2.666815923591092,105767.99999999999,105767.99999999999,1.0,8.6,10.0,1490.1776078681905,0.01
112,2.93389892578125,0.748125,0.42198485195505037,0.28223533378602655,0.5312985701819766,2.0301408025779497,2.632615868553619,105768.0,105768.0,1.0,8.6,10.0,1490.1776078681905,0.01
113,2.7371392250061035,0.7607812500000001,0.4272103008151688,0.2822353337860266,0.5312985701819766,2.0301408025779497,2.631617150074642,105768.0,105768.0,1.0,8.6,10.0,1490.1776078681908,0.01
114,2.8483808040618896,0.74796875,0.4203725807356922,0.28223533378602655,0.5312985701819766,2.0301408025779497,2.6593730124644788,105768.0,105768.0,1.0,8.6,10.0,1490.1824122327591,0.01
115,2.613243818283081,0.75828125,0.4359720538875484,0.28223533378602655,0.5312985701819767,2.0301408025779497,2.6686492136247706,105768.0,105768.0,1.0,8.6,10.0,1490.182412232759,0.01
116,3.558472156524658,0.71203125,0.40509261718318684,0.28223533378602655,0.5312985701819767,2.0301408025779497,2.665530081589087,105768.0,105768.0,1.0,8.6,10.0,1490.1824122327591,0.01
117,3.203486919403076,0.7489843749999999,0.4491217288735513,0.28223533378602655,0.5312985701819766,2.0301408025779497,2.652193078299689,105768.0,105768.0,1.0,8.6,10.0,1490.182412232759,0.01
118,3.601034641265869,0.728515625,0.3845122622882328,0.2822353337860265,0.5312985701819766,2.0301408025779497,2.6472873607741336,105768.0,105768.0,1.0,8.6,10.0,1490.182412232759,0.01
119,3.399919271469116,0.7248437499999999,0.40042693468276475,0.2822353337860266,0.5312985701819766,2.0301408025779497,2.6552079337432746,105768.0,105768.0,1.0,8.6,10.0,1490.1824122327594,0.01
120,2.9272336959838867,0.74890625,0.40643293153502624,0.28223533378602655,0.5312985701819766,2.0301408025779497,2.6648446770823333,105768.0,105768.0,1.0,8.6,10.0,1490.1824122327594,0.01
121,2.1393792629241943,0.746171875,0.4793051975335098,0.2822353337860266,0.5312985701819766,2.0301408025779497,2.6605204163010825,105768.0,105768.0,1.0,8.6,10.0,1490.1897238846075,0.01
122,2.0701584815979004,0.770234375,0.4973437674809714,0.28223533378602655,0.5312985701819766,2.0301408025779497,2.6420465690718484,105768.0,105768.0,1.0,8.6,10.0,1490.1980378420635,0.01
123,2.3287229537963867,0.754609375,0.4934646340120904,0.2822353337860265,0.5312985701819766,2.0301408025779497,2.6700154830812197,105768.0,105768.0,1.0,8.6,10.0,1490.1980378420633,0.01
124,3.461411952972412,0.6216406249999998,0.39677129099768105,0.28223533378602655,0.5312985701819767,2.0301408025779497,2.6174636474220607,105768.0,105768.0,1.0,8.6,10.0,1490.1980378420635,0.01
125,3.0058412551879883,0.7338281250000002,0.4704668706960222,0.2822353337860266,0.5312985701819766,2.0301408025779497,2.605393417682798,105768.0,105768.0,1.0,8.6,10.0,1490.198037842063,0.01
126,4.583841800689697,0.626484375,0.38627503516055856,0.28223533378602655,0.5312985701819767,2.0301408025779497,2.645767109537437,105768.0,105768.0,1.0,8.6,10.0,1490.1980378420633,0.01
127,3.4125874042510986,0.641953125,0.374542659683442,0.28223533378602655,0.5312985701819767,2.0301408025779497,2.668438300966863,105768.0,105768.0,1.0,8.6,10.0,1490.1987811933348,0.01
128,4.17204475402832,0.698515625,0.3982537212797513,0.28223533378602655,0.5312985701819767,2.0301408025779497,2.626599935683124,105768.0,105768.0,1.0,8.6,10.0,1490.1987811933348,0.01
129,2.4155707359313965,0.7804687500000002,0.4901537636294184,0.28223533378602655,0.5312985701819766,2.0301408025779497,2.654926681886726,105767.99999999999,105767.99999999999,1.0,8.6,10.0,1490.206092845183,0.01
130,3.686356782913208,0.6982031249999999,0.38770480897723814,0.28223533378602655,0.5312985701819766,2.0301408025779497,2.6539746028475895,105768.0,105768.0,1.0,8.6,10.0,1490.2060928451829,0.01
131,3.0681142807006836,0.72,0.4058343925581555,0.2822353337860266,0.5312985701819766,2.0301408025779497,2.6564619292048506,105767.99999999999,105767.99999999999,1.0,8.6,10.0,1490.206092845183,0.01
132,3.524632692337036,0.720390625,0.40091461477187307,0.28223533378602655,0.5312985701819767,2.0301408025779497,2.6458562577529436,105768.0,105768.0,1.0,8.6,10.0,1490.2060928451829,0.01
133,3.2217414379119873,0.6315625,0.3420866015045647,0.2822353337860265,0.5312985701819767,2.0301408025779497,2.6375881992902235,105768.0,105768.0,1.0,8.6,10.0,1490.2060928451829,0.01
134,3.3152856826782227,0.708515625,0.3821769326061552,0.2822353337860265,0.5312985701819766,2.0301408025779497,2.658973033529346,105767.99999999999,105767.99999999999,1.0,8.6,10.0,1490.206092845183,0.01
135,3.2070295810699463,0.703984375,0.38959262900167124,0.2822353337860265,0.5312985701819766,2.0301408025779497,2.656705787835079,105768.0,105768.0,1.0,8.6,10.0,1490.206092845183,0.01
136,2.5317349433898926,0.7683593749999998,0.44300894372093563,0.2822353337860265,0.5312985701819766,2.0301408025779497,2.6113565317685583,105768.0,105768.0,1.0,8.6,10.0,1490.2060928451829,0.01
137,2.2964353561401367,0.763984375,0.4427123569568187,0.28223533378602655,0.5312985701819766,2.0301408025779497,2.6261134350370496,105768.0,105768.0,1.0,8.6,10.0,1490.2060928451829,0.01
138,2.7689735889434814,0.715234375,0.4037427955755416,0.28223533378602655,0.5312985701819766,2.0301408025779497,2.6456245312711566,105768.0,105768.0,1.0,8.6,10.0,1490.206092845183,0.01
139,5.271717548370361,0.569609375,0.3278653194234296,0.2822353337860266,0.5312985701819766,2.0301408025779497,2.6434094740641205,105768.0,105768.0,1.0,8.6,10.0,1490.2060928451833,0.01
140,4.012199401855469,0.612109375,0.3195556340956442,0.28223533378602655,0.5312985701819766,2.0301408025779497,2.644898848095916,105768.00000000001,105768.00000000001,1.0,8.6,10.0,1490.206092845183,0.01
141,2.88332200050354,0.719140625,0.40968070242558463,0.28223533378602655,0.5312985701819766,2.0301408025779497,2.675336422730191,105768.0,105768.0,1.0,8.6,10.0,1490.206092845183,0.01
142,3.584608554840088,0.628203125,0.3258303426007459,0.28223533378602655,0.5312985701819766,2.0301408025779497,2.620628903844096,105768.0,105768.0,1.0,8.6,10.0,1490.2060928451829,0.01
143,2.78495717048645,0.716875,0.44334543026940515,0.2822353337860266,0.5312985701819766,2.0301408025779497,2.624897954951506,105768.00000000001,105768.00000000001,1.0,8.6,10.0,1490.206092845183,0.01
144,2.0739355087280273,0.73828125,0.4813162843236672,0.28223533378602655,0.5312985701819766,2.0301408025779497,2.619525197212939,105767.99999999999,105767.99999999999,1.0,8.6,10.0,1490.206092845183,0.01
145,1.8665190935134888,0.777421875,0.4896996956020523,0.2822353337860265,0.5312985701819766,2.0301408025779497,2.6461719344157246,105768.0,105768.0,1.0,8.6,10.0,1490.206092845183,0.01
146,2.025606870651245,0.7575,0.48298289500740765,0.28223533378602655,0.5312985701819766,2.0301408025779497,2.6636179127014104,105768.0,105768.0,1.0,8.6,10.0,1490.206092845183,0.01
147,2.438016176223755,0.70078125,0.4493358306702423,0.28223533378602655,0.5312985701819767,2.0301408025779497,2.6063257903627663,105768.0,105768.0,1.0,8.6,10.0,1490.2060928451829,0.01
148,2.1836724281311035,0.71890625,0.4674996034069687,0.28223533378602655,0.5312985701819766,2.0301408025779497,2.652374729595473,105768.0,105768.0,1.0,8.6,10.0,1490.2060928451829,0.01
149,1.9799137115478516,0.71859375,0.4414231394780524,0.2822353337860266,0.5312985701819766,2.0301408025779497,2.65285102205127,105768.0,105768.0,1.0,8.6,10.0,1490.219247725467,0.01
150,2.541846990585327,0.7185156250000001,0.4300658762659685,0.2822353337860266,0.5312985701819766,2.0301408025779497,2.656744000506725,105768.0,105768.0,1.0,8.6,10.0,1490.219247725467,0.01
151,2.796499729156494,0.701875,0.44315538607524874,0.2822353337860266,0.5312985701819767,2.0301408025779497,2.6576679199538877,105768.0,105768.0,1.0,8.6,10.0,1490.219247725467,0.01
152,2.198049783706665,0.73015625,0.4380107339490773,0.28223533378602655,0.5312985701819766,2.0301408025779497,2.6716399754549673,105768.0,105768.0,1.0,8.6,10.0,1490.219247725467,0.01
153,1.8311221599578857,0.746015625,0.460427871863634,0.28223533378602655,0.5312985701819766,2.0301408025779497,2.652926916972726,105768.0,105768.0,1.0,8.6,10.0,1490.219247725467,0.01
154,2.2265710830688477,0.7328125,0.43328809509214106,0.28223533378602655,0.5312985701819766,2.0301408025779497,2.647926119732756,105767.99999999999,105767.99999999999,1.0,8.6,10.0,1490.2315769983961,0.01
155,1.8973679542541504,0.7482812499999999,0.48601540176655467,0.2822353337860266,0.5312985701819767,2.0301408025779497,2.636257489438623,105768.0,105768.0,1.0,8.6,10.0,1490.2315769983963,0.01
156,2.419867753982544,0.698828125,0.42084149875254884,0.28223533378602655,0.5312985701819766,2.0301408025779497,2.6336197722322616,105768.0,105768.0,1.0,8.6,10.0,1490.236381362965,0.01
157,2.1183528900146484,0.736015625,0.45436641133784184,0.2822353337860266,0.5312985701819766,2.0301408025779497,2.6530909322712395,105768.0,105768.0,1.0,8.6,10.0,1490.2363813629647,0.01
158,2.330155372619629,0.714921875,0.43636367480293503,0.2822353337860266,0.5312985701819767,2.0301408025779497,2.64655462713458,105768.0,105768.0,1.0,8.6,10.0,1490.236381362965,0.01
159,2.7006478309631348,0.694609375,0.4103074757647982,0.28223533378602655,0.5312985701819766,2.0301408025779497,2.649892401367988,105768.0,105768.0,1.0,8.6,10.0,1490.236381362965,0.01
160,2.559183120727539,0.703125,0.3945887933302691,0.28223533378602655,0.5312985701819766,2.0301408025779497,2.6572789085244186,105767.99999999999,105767.99999999999,1.0,8.6,10.0,1491.846787305876,0.01
161,1.9112600088119507,0.737890625,0.4778872198145069,0.2822353337860265,0.5312985701819766,2.0301408025779497,2.6182714866608214,105768.0,105768.0,1.0,8.6,10.0,1491.8467873058758,0.01
162,1.9295250177383423,0.751640625,0.48347795763031864,0.2822353337860265,0.5312985701819766,2.0301408025779497,2.599349937118581,105768.0,105768.0,1.0,8.6,10.0,1491.8467873058758,0.01
163,2.341920852661133,0.7025781250000002,0.4528176298775185,0.2822353337860265,0.5312985701819766,2.0301408025779497,2.639832749323621,105768.0,105768.0,1.0,8.6,10.0,1491.8467873058755,0.01
164,3.8193883895874023,0.6638281250000001,0.4171340527731102,0.28223533378602655,0.5312985701819766,2.0301408025779497,2.647405307990418,105768.0,105768.0,1.0,8.6,10.0,1491.846787305876,0.01
165,2.370055913925171,0.7394531250000002,0.4648076909948268,0.28223533378602655,0.5312985701819767,2.0301408025779497,2.664487600001135,105768.0,105768.0,1.0,8.6,10.0,1491.8467873058758,0.01
166,1.7827656269073486,0.7683593749999998,0.4669182468313965,0.28223533378602655,0.5312985701819767,2.0301408025779497,2.6530527258659378,105768.0,105768.0,1.0,8.6,10.0,1491.8467873058755,0.01
167,1.950103759765625,0.7209374999999999,0.449610853990032,0.2822353337860266,0.5312985701819766,2.0301408025779497,2.66650691557797,105768.0,105768.0,1.0,8.6,10.0,1491.8467873058753,0.01
168,1.9854639768600464,0.744609375,0.4510669335860828,0.2822353337860265,0.5312985701819766,2.0301408025779497,2.6399981187660297,105768.00000000001,105768.00000000001,1.0,8.6,10.0,1491.8467873058755,0.01
169,1.848565936088562,0.77015625,0.4750462554146835,0.2822353337860265,0.5312985701819766,2.0301408025779497,2.653738028581793,105768.0,105768.0,1.0,8.6,10.0,1491.8467873058753,0.01
170,1.9372873306274414,0.736171875,0.47258582012888484,0.28223533378602655,0.5312985701819766,2.0301408025779497,2.64073905499858,105768.0,105768.0,1.0,8.6,10.0,1491.8467873058755,0.01
171,1.606030821800232,0.78875,0.5096755575525065,0.28223533378602655,0.5312985701819767,2.0301408025779497,2.6424694070065193,105768.0,105768.0,1.0,8.6,10.0,1491.8467873058755,0.01
172,3.2266790866851807,0.6550781249999998,0.41655313719826553,0.28223533378602655,0.5312985701819767,2.0301408025779497,2.6182828176423216,105768.0,105768.0,1.0,8.6,10.0,1491.8467873058758,0.01
173,1.9379185438156128,0.7725000000000001,0.46034434750422704,0.28223533378602655,0.5312985701819766,2.0301408025779497,2.64970560740744,105768.0,105768.0,1.0,8.6,10.0,1491.8467873058758,0.01
174,3.085777997970581,0.630390625,0.4189521278954116,0.2822353337860266,0.5312985701819766,2.0301408025779497,2.6245888444315977,105768.0,105768.0,1.0,8.6,10.0,1491.8467873058755,0.01
175,2.7038302421569824,0.689765625,0.4355933164799489,0.28223533378602655,0.5312985701819767,2.0301408025779497,2.6508776481187657,105768.0,105768.0,1.0,8.6,10.0,1491.8467873058755,0.01
176,2.221724271774292,0.75125,0.47444020249303265,0.28223533378602655,0.5312985701819766,2.0301408025779497,2.60002223841208,105768.00000000001,105768.00000000001,1.0,8.6,10.0,1491.8467873058755,0.01
177,2.3811240196228027,0.71296875,0.4516929904888801,0.28223533378602655,0.5312985701819767,2.0301408025779497,2.602878231472129,105768.0,105768.0,1.0,8.6,10.0,1491.8467873058758,0.01
178,2.6552295684814453,0.690703125,0.44559113067039613,0.2822353337860266,0.5312985701819766,2.0301408025779497,2.635396068841056,105768.0,105768.0,1.0,8.6,10.0,1491.8467873058755,0.01
179,2.5690062046051025,0.649296875,0.4179370780396384,0.2822353337860265,0.5312985701819766,2.0301408025779497,2.599970851626379,105768.0,105768.0,1.0,8.6,10.0,1491.8467873058753,0.01
180,1.930659532546997,0.7534375,0.4931329671511896,0.28223533378602655,0.5312985701819766,2.0301408025779497,2.6540318342726756,105768.0,105768.0,1.0,8.6,10.0,1491.8467873058758,0.01
181,1.8231003284454346,0.763203125,0.4931830689897606,0.28223533378602655,0.5312985701819767,2.0301408025779497,2.6398733651009536,105768.0,105768.0,1.0,8.6,10.0,1491.8467873058755,0.01
182,2.0638816356658936,0.772109375,0.49067914081458747,0.2822353337860266,0.5312985701819767,2.0301408025779497,2.6720513802546457,105768.0,105768.0,1.0,8.6,10.0,1491.8467873058753,0.01
183,1.8466159105300903,0.755859375,0.469562309393292,0.28223533378602655,0.5312985701819766,2.0301408025779497,2.6553810156139193,105768.00000000001,105768.00000000001,1.0,8.6,10.0,1491.8467873058753,0.01
184,1.721230149269104,0.761796875,0.4914750429572833,0.28223533378602655,0.5312985701819766,2.0301408025779497,2.6232398089687936,105768.0,105768.0,1.0,8.6,10.0,1491.8467873058755,0.01
185,2.1538774967193604,0.745390625,0.46712025433119314,0.2822353337860266,0.5312985701819766,2.0301408025779497,2.6402555418830826,105767.99999999999,105767.99999999999,1.0,8.6,10.0,1491.8467873058755,0.01
186,2.138389825820923,0.709375,0.4217802455215299,0.28223533378602655,0.5312985701819766,2.0301408025779497,2.619649485146417,105768.0,105768.0,1.0,8.6,10.0,1491.8467873058755,0.01
187,2.942664861679077,0.6889062500000002,0.4057575765931803,0.28223533378602655,0.5312985701819766,2.0301408025779497,2.650028473198312,105768.0,105768.0,1.0,8.6,10.0,1491.8467873058755,0.01
188,2.3294317722320557,0.7378125,0.4410063291794656,0.28223533378602655,0.5312985701819766,2.0301408025779497,2.651057618988451,105768.0,105768.0,1.0,8.6,10.0,1491.8467873058755,0.01
189,1.3108524084091187,0.775078125,0.5063474912161803,0.2822353337860265,0.5312985701819766,2.0301408025779497,2.6109544919082333,105768.0,105768.0,1.0,8.6,10.0,1491.8467873058755,0.01
190,1.5430389642715454,0.77359375,0.49564557998941144,0.28223533378602655,0.5312985701819767,2.0301408025779497,2.5979708605754617,105768.0,105768.0,1.0,8.6,10.0,1491.8467873058758,0.01
191,2.57106614112854,0.7162500000000002,0.4227225836475171,0.28223533378602655,0.5312985701819766,2.0301408025779497,2.6020344262412443,105767.99999999999,105767.99999999999,1.0,8.6,10.0,1491.8467873058755,0.01
192,3.1787807941436768,0.63671875,0.3806949438428088,0.2822353337860265,0.5312985701819766,2.0301408025779497,2.611463709524466,105768.0,105768.0,1.0,8.6,10.0,1491.8467873058753,0.01
193,1.9534428119659424,0.7517187500000001,0.4987629802650238,0.2822353337860265,0.5312985701819766,2.0301408025779497,2.6116039889257827,105767.99999999999,105767.99999999999,1.0,8.6,10.0,1491.8467873058755,0.01
194,2.1314733028411865,0.7449218749999998,0.445090676188358,0.2822353337860266,0.5312985701819767,2.0301408025779497,2.6055300017448952,105768.0,105768.0,1.0,8.6,10.0,1491.8467873058758,0.01
195,2.0769717693328857,0.738203125,0.44309840399994255,0.28223533378602655,0.5312985701819766,2.0301408025779497,2.634293605502729,105768.0,105768.0,1.0,8.6,10.0,1491.8467873058755,0.01
196,1.8139581680297852,0.790546875,0.47755400448704166,0.2822353337860265,0.5312985701819766,2.0301408025779497,2.6355328419487067,105768.0,105768.0,1.0,8.6,10.0,1491.8467873058755,0.01
197,1.8758749961853027,0.7829687500000001,0.47188958162814504,0.28223533378602655,0.5312985701819767,2.0301408025779497,2.6209651672176295,105768.0,105768.0,1.0,8.6,10.0,1491.8467873058758,0.01
198,1.631102442741394,0.7993749999999998,0.48863525547392145,0.28223533378602655,0.5312985701819766,2.0301408025779497,2.6141161064688085,105768.0,105768.0,1.0,8.6,10.0,1491.8467873058753,0.01
199,2.023125648498535,0.7876562499999998,0.4765893143615799,0.2822353337860265,0.5312985701819766,2.0301408025779497,2.6172342890883136,105768.0,105768.0,1.0,8.6,10.0,1491.8467873058753,0.01
200,2.0133726596832275,0.7996875,0.5093155406248882,0.28223533378602655,0.5312985701819766,2.0301408025779497,2.6672851684693706,105768.0,105768.0,1.0,8.6,10.0,1491.8467873058755,0.01
201,2.5328335762023926,0.747578125,0.4239379056664876,0.2822353337860266,0.5312985701819767,2.0301408025779497,2.633847033530311,105768.0,105768.0,1.0,8.6,10.0,1491.8515916704441,0.01
202,2.5964515209198,0.75234375,0.47165432821518777,0.2822353337860265,0.5312985701819766,2.0301408025779497,2.61943779866942,105768.0,105768.0,1.0,8.6,10.0,1491.8515916704443,0.01
203,2.873539686203003,0.7256250000000001,0.4181728178413417,0.28223533378602655,0.5312985701819767,2.0301408025779497,2.610458030736571,105767.99999999999,105767.99999999999,1.0,8.6,10.0,1491.8515916704446,0.01
204,1.9227426052093506,0.7275781250000001,0.4823498881541746,0.2822353337860266,0.5312985701819766,2.0301408025779497,2.63050772523735,105768.0,105768.0,1.0,8.6,10.0,1491.8515916704443,0.01
205,1.746622085571289,0.747890625,0.49874010256301754,0.28223533378602655,0.5312985701819767,2.0301408025779497,2.6387082978866903,105768.0,105768.0,1.0,8.6,10.0,1491.8212040645471,0.01
206,2.5413806438446045,0.734453125,0.46725497954133904,0.28223533378602655,0.5312985701819766,2.0301408025779497,2.6494241594673227,105768.0,105768.0,1.0,8.6,10.0,1491.3970894141903,0.01
207,2.7164063453674316,0.71640625,0.46382497399237826,0.28223533378602655,0.5312985701819767,2.0301408025779497,2.6498661126747947,105768.0,105768.0,1.0,8.6,10.0,1491.428876820601,0.01
208,2.172037363052368,0.7570312500000002,0.45577155864089886,0.28223533378602655,0.5312985701819767,2.0301408025779497,2.6401113472161883,105768.0,105768.0,1.0,8.6,10.0,1491.4444567320813,0.01
209,2.1674513816833496,0.7634375000000001,0.46425160159941536,0.28223533378602655,0.5312985701819766,2.0301408025779497,2.6196446956607895,105768.0,105768.0,1.0,8.6,10.0,1491.4444567320813,0.01
210,2.3838868141174316,0.741875,0.4549619085571285,0.2822353337860266,0.5312985701819767,2.0301408025779497,2.6205011914187706,105768.0,105768.0,1.0,8.6,10.0,1491.4576116123656,0.01
211,2.3144876956939697,0.7157812499999999,0.4667461887641101,0.2822353337860265,0.5312985701819766,2.0301408025779497,2.610061036077979,105768.00000000001,105768.00000000001,1.0,8.6,10.0,1491.497076253217,0.01
212,2.334803342819214,0.748359375,0.46927824037205984,0.28223533378602655,0.5312985701819766,2.0301408025779497,2.636308026028356,105768.0,105768.0,1.0,8.6,10.0,1491.497076253217,0.01
213,2.5390496253967285,0.756015625,0.4805291427412476,0.28223533378602655,0.5312985701819767,2.0301408025779497,2.6547264238031247,105768.0,105768.0,1.0,8.6,10.0,1491.4970762532173,0.01
214,2.6011993885040283,0.740859375,0.47515271296407946,0.2822353337860266,0.5312985701819766,2.0301408025779497,2.6088503586662073,105768.0,105768.0,1.0,8.6,10.0,1491.497076253217,0.01
215,2.7273359298706055,0.740390625,0.4525022284264425,0.2822353337860266,0.5312985701819767,2.0301408025779497,2.60083867756165,105768.00000000001,105768.00000000001,1.0,8.6,10.0,1491.497076253217,0.01
216,2.5686259269714355,0.7157812499999999,0.4649933399146099,0.2822353337860265,0.5312985701819767,2.0301408025779497,2.652068073497401,105768.0,105768.0,1.0,8.6,10.0,1491.5121260699384,0.01
217,2.0003223419189453,0.7820312499999998,0.5209639649029733,0.2822353337860265,0.5312985701819767,2.0301408025779497,2.6556595102373257,105768.0,105768.0,1.0,8.6,10.0,1491.5121260699386,0.01
218,2.217975616455078,0.765,0.4889807618334135,0.2822353337860266,0.5312985701819767,2.0301408025779497,2.6273970723505453,105768.0,105768.0,1.0,8.6,10.0,1491.5121260699386,0.01
219,2.1961920261383057,0.73625,0.4983932484081367,0.28223533378602655,0.5312985701819767,2.0301408025779497,2.6149841302401784,105768.0,105768.0,1.0,8.6,10.0,1491.5121260699384,0.01
220,2.1571080684661865,0.7546874999999998,0.5096118271176209,0.2822353337860266,0.5312985701819766,2.0301408025779497,2.6059526670297064,105768.0,105768.0,1.0,8.6,10.0,1491.5121260699384,0.01
221,1.8759187459945679,0.801484375,0.5431343417873011,0.28223533378602655,0.5312985701819766,2.0301408025779497,2.6482361342889846,105768.00000000003,105768.00000000003,1.0,8.6,10.0,1491.5121260699384,0.01
222,2.374187469482422,0.761875,0.5023864494412905,0.28223533378602655,0.5312985701819767,2.0301408025779497,2.6596692108992683,105768.0,105768.0,1.0,8.6,10.0,1491.5121260699386,0.01
223,2.249540090560913,0.79328125,0.5172594119721594,0.28223533378602655,0.5312985701819767,2.0301408025779497,2.664081475465463,105768.0,105768.0,1.0,8.6,10.0,1491.5121260699384,0.01
224,2.249769687652588,0.769375,0.5213183680548291,0.2822353337860265,0.5312985701819766,2.0301408025779497,2.6481995474360627,105768.0,105768.0,1.0,8.6,10.0,1491.5121260699386,0.01
225,2.030054807662964,0.7759374999999998,0.5055154771281565,0.28223533378602655,0.5312985701819766,2.0301408025779497,2.608653070978359,105767.99999999999,105767.99999999999,1.0,8.6,10.0,1491.5121260699384,0.01
226,3.128056526184082,0.68640625,0.44920467970816524,0.28223533378602655,0.5312985701819766,2.0301408025779497,2.6208163167595067,105768.0,105768.0,1.0,8.6,10.0,1491.5121260699384,0.01
227,2.7706987857818604,0.71640625,0.44558773581414524,0.28223533378602655,0.5312985701819766,2.0301408025779497,2.6380404926344903,105768.00000000001,105768.00000000001,1.0,8.6,10.0,1491.5121260699384,0.01
228,2.0006964206695557,0.7646093749999999,0.508994478874426,0.28223533378602655,0.5312985701819766,2.0301408025779497,2.6145140443702064,105768.00000000001,105768.00000000001,1.0,8.6,10.0,1491.520181073058,0.01
229,2.329655408859253,0.7277343750000002,0.4713978237340143,0.28223533378602655,0.5312985701819766,2.0301408025779497,2.60939227074566,105768.0,105768.0,1.0,8.6,10.0,1491.520181073058,0.01
230,2.349869966506958,0.7466406249999998,0.4577220895744625,0.28223533378602655,0.5312985701819766,2.0301408025779497,2.6257330710412634,105767.99999999999,105767.99999999999,1.0,8.6,10.0,1491.520181073058,0.01
231,3.055237293243408,0.7303125,0.42853951655199124,0.28223533378602655,0.5312985701819766,2.0301408025779497,2.665244250824886,105768.0,105768.0,1.0,8.6,10.0,1491.5201810730582,0.01
232,2.2191903591156006,0.752265625,0.47612979832941515,0.2822353337860266,0.5312985701819766,2.0301408025779497,2.656826749176713,105768.0,105768.0,1.0,8.6,10.0,1491.520181073058,0.01
233,1.842956304550171,0.77140625,0.4803530248764723,0.2822353337860266,0.5312985701819766,2.0301408025779497,2.6629618021157353,105768.0,105768.0,1.0,8.6,10.0,1491.520181073058,0.01
234,2.420503616333008,0.752109375,0.44841777422449225,0.28223533378602655,0.5312985701819767,2.0301408025779497,2.65586973047818,105768.0,105768.0,1.0,8.6,10.0,1492.2167825563483,0.01
235,2.911581516265869,0.7114843749999998,0.39918937774265223,0.28223533378602655,0.5312985701819766,2.0301408025779497,2.669940047973665,105768.0,105768.0,1.0,8.6,10.0,1492.2167825563486,0.01
236,1.7702583074569702,0.792578125,0.5093317780303314,0.2822353337860265,0.5312985701819767,2.0301408025779497,2.6416390691713167,105768.00000000001,105768.00000000001,1.0,8.6,10.0,1492.2167825563486,0.01
237,1.669152855873108,0.80234375,0.5077814929521425,0.2822353337860265,0.5312985701819766,2.0301408025779497,2.6411873166618025,105767.99999999999,105767.99999999999,1.0,8.6,10.0,1492.2167825563486,0.01
238,2.2902443408966064,0.755,0.482890857962628,0.28223533378602655,0.5312985701819766,2.0301408025779497,2.6312890501991855,105768.0,105768.0,1.0,8.6,10.0,1492.2167825563486,0.01
239,3.0504090785980225,0.6953125,0.42714205879971046,0.2822353337860265,0.5312985701819766,2.0301408025779497,2.6409313404100807,105768.0,105768.0,1.0,8.6,10.0,1492.2167825563483,0.01
240,1.6765694618225098,0.78875,0.518789432092409,0.2822353337860266,0.5312985701819766,2.0301408025779497,2.6420529610075723,105768.0,105768.0,1.0,8.6,10.0,1492.2167825563486,0.01
241,2.1224193572998047,0.78109375,0.4691218438441858,0.28223533378602655,0.5312985701819766,2.0301408025779497,2.660152805584155,105768.0,105768.0,1.0,8.6,10.0,1492.2167825563486,0.01
242,2.510246515274048,0.76921875,0.5006812841552918,0.28223533378602655,0.5312985701819766,2.0301408025779497,2.607812497865352,105768.0,105768.0,1.0,8.6,10.0,1492.2167825563483,0.01
243,2.223763942718506,0.740546875,0.4519725788017162,0.28223533378602655,0.5312985701819766,2.0301408025779497,2.613698399163617,105768.0,105768.0,1.0,8.6,10.0,1492.2167825563483,0.01
244,2.729977607727051,0.67546875,0.42778679187648283,0.28223533378602655,0.5312985701819767,2.0301408025779497,2.648989464824424,105768.0,105768.0,1.0,8.6,10.0,1492.2167825563486,0.01
245,2.7149507999420166,0.6531249999999998,0.3884175040720418,0.28223533378602655,0.5312985701819766,2.0301408025779497,2.6679496284887474,105768.0,105768.0,1.0,8.6,10.0,1492.3135218033458,0.01
246,2.131584644317627,0.74765625,0.48434268630239014,0.2822353337860266,0.5312985701819766,2.0301408025779497,2.6616944291814404,105767.99999999999,105767.99999999999,1.0,8.6,10.0,1492.3135218033458,0.01
247,3.8245511054992676,0.63953125,0.3733308682277888,0.28223533378602655,0.5312985701819767,2.0301408025779497,2.6629747477453183,105768.00000000001,105768.00000000001,1.0,8.6,10.0,1492.3135218033458,0.01
248,3.766697406768799,0.6278125,0.37624618236201685,0.28223533378602655,0.5312985701819766,2.0301408025779497,2.671547769370567,105768.0,105768.0,1.0,8.6,10.0,1492.3135218033458,0.01
249,4.460964202880859,0.65640625,0.40591426127961616,0.28223533378602655,0.5312985701819766,2.0301408025779497,2.687341553314932,105768.0,105768.0,1.0,8.6,10.0,1492.313521803346,0.01
250,2.730959177017212,0.7488281249999998,0.4429657021161302,0.28223533378602655,0.5312985701819766,2.0301408025779497,2.642097995645114,105767.99999999999,105767.99999999999,1.0,8.6,10.0,1492.3135218033458,0.01
251,4.846484661102295,0.639765625,0.42077150766853083,0.2822353337860265,0.5312985701819766,2.0301408025779497,2.690098980937058,105768.0,105768.0,1.0,8.6,10.0,1492.328940249181,0.01
252,3.1491427421569824,0.731328125,0.44191751007468066,0.2822353337860266,0.5312985701819766,2.0301408025779497,2.6543381701735917,105768.0,105768.0,1.0,8.6,10.0,1492.3289402491812,0.01
253,4.029105186462402,0.709453125,0.43659947353796763,0.28223533378602655,0.5312985701819766,2.0301408025779497,2.6784068317899394,105768.0,105768.0,1.0,8.6,10.0,1492.328940249181,0.01
254,3.0936827659606934,0.752578125,0.4479141581510967,0.28223533378602655,0.5312985701819766,2.0301408025779497,2.655644410156903,105768.0,105768.0,1.0,8.6,10.0,1492.3289402491812,0.01
255,3.496859550476074,0.69484375,0.45443629839138716,0.28223533378602655,0.5312985701819767,2.0301408025779497,2.64830418637903,105767.99999999999,105767.99999999999,1.0,8.6,10.0,1492.3364651575419,0.01
256,5.017209053039551,0.657734375,0.3827572172161359,0.2822353337860266,0.5312985701819766,2.0301408025779497,2.6480465482306212,105767.99999999999,105767.99999999999,1.0,8.6,10.0,1492.3364651575416,0.01
257,3.640230417251587,0.6708593749999999,0.4044565055447147,0.2822353337860266,0.5312985701819767,2.0301408025779497,2.6535160540976586,105768.0,105768.0,1.0,8.6,10.0,1492.3364651575416,0.01
258,2.7552762031555176,0.7468749999999998,0.45918537299295964,0.28223533378602655,0.5312985701819766,2.0301408025779497,2.6317001564503464,105767.99999999999,105767.99999999999,1.0,8.6,10.0,1492.3364651575416,0.01
259,3.374404191970825,0.6960937499999998,0.4423791433953662,0.2822353337860265,0.5312985701819766,2.0301408025779497,2.6449581463127574,105768.0,105768.0,1.0,8.6,10.0,1492.3364651575419,0.01
260,3.5912842750549316,0.738203125,0.4552265944909338,0.28223533378602655,0.5312985701819766,2.0301408025779497,2.6247833225381596,105768.0,105768.0,1.0,8.6,10.0,1492.3364651575416,0.01
261,4.07963752746582,0.693359375,0.40981727587590283,0.2822353337860266,0.5312985701819766,2.0301408025779497,2.6137185499218507,105768.0,105768.0,1.0,8.6,10.0,1492.3364651575416,0.01
262,4.044244289398193,0.657890625,0.43241106043905536,0.2822353337860266,0.5312985701819766,2.0301408025779497,2.6437014006421076,105768.0,105768.0,1.0,8.6,10.0,1492.3364651575419,0.01
263,3.1525604724884033,0.720546875,0.4588160661781459,0.2822353337860265,0.5312985701819766,2.0301408025779497,2.623138599184891,105768.00000000001,105768.00000000001,1.0,8.6,10.0,1492.3364651575419,0.01
264,4.231731414794922,0.6630468749999999,0.43705937902543635,0.2822353337860266,0.5312985701819766,2.0301408025779497,2.6470972604897374,105768.0,105768.0,1.0,8.6,10.0,1492.3364651575416,0.01
265,4.206173419952393,0.658359375,0.41226782593197847,0.2822353337860266,0.5312985701819766,2.0301408025779497,2.6540848212306463,105768.00000000001,105768.00000000001,1.0,8.6,10.0,1492.3364651575419,0.01
266,4.638705253601074,0.64890625,0.38023332661827974,0.28223533378602655,0.5312985701819766,2.0301408025779497,2.632970142673171,105768.0,105768.0,1.0,8.6,10.0,1492.3364651575419,0.01
267,3.725710391998291,0.673203125,0.42054646721106903,0.2822353337860265,0.5312985701819766,2.0301408025779497,2.6513223022273653,105768.0,105768.0,1.0,8.6,10.0,1492.3364651575419,0.01
268,2.5817384719848633,0.7482812499999999,0.47599819305270097,0.28223533378602655,0.5312985701819766,2.0301408025779497,2.6416216641362347,105767.99999999999,105767.99999999999,1.0,8.6,10.0,1492.3364651575416,0.01
269,2.7021970748901367,0.7687500000000002,0.46843420993714285,0.28223533378602655,0.5312985701819767,2.0301408025779497,2.646890117191075,105768.0,105768.0,1.0,8.6,10.0,1492.3364651575419,0.01
270,2.85099196434021,0.7667968750000002,0.4656494115866364,0.28223533378602655,0.5312985701819766,2.0301408025779497,2.642533208897697,105767.99999999999,105767.99999999999,1.0,8.6,10.0,1492.3364651575419,0.01
271,3.5744919776916504,0.750625,0.44158882311737385,0.28223533378602655,0.5312985701819767,2.0301408025779497,2.620115729250192,105768.0,105768.0,1.0,8.6,10.0,1492.3364651575416,0.01
272,5.477603435516357,0.64,0.3847290516852229,0.2822353337860266,0.5312985701819766,2.0301408025779497,2.618777275266745,105768.0,105768.0,1.0,8.6,10.0,1492.3364651575416,0.01
273,5.436916351318359,0.628125,0.3603914244059929,0.2822353337860266,0.5312985701819766,2.0301408025779497,2.621819795777135,105768.0,105768.0,1.0,8.6,10.0,1492.3364651575416,0.01
274,3.2142539024353027,0.757421875,0.4559825417081035,0.28223533378602655,0.5312985701819766,2.0301408025779497,2.652146208822737,105768.0,105768.0,1.0,8.6,10.0,1492.3364651575419,0.01
275,2.6674840450286865,0.75765625,0.46776215492432954,0.28223533378602655,0.5312985701819767,2.0301408025779497,2.6731241430382404,105768.0,105768.0,1.0,8.6,10.0,1492.3364651575416,0.01
276,2.763690948486328,0.719375,0.453751371262124,0.28223533378602655,0.5312985701819766,2.0301408025779497,2.664145678737349,105768.0,105768.0,1.0,8.6,10.0,1492.3364651575416,0.01
277,4.464217185974121,0.626875,0.4103640039726704,0.28223533378602655,0.5312985701819766,2.0301408025779497,2.6289649379642017,105768.0,105768.0,1.0,8.6,10.0,1492.3364651575419,0.01
278,4.020585536956787,0.639375,0.4282373879501685,0.28223533378602655,0.5312985701819767,2.0301408025779497,2.6410066362077,105768.0,105768.0,1.0,8.6,10.0,1492.3364651575419,0.01
279,2.8367843627929688,0.746953125,0.46249846669168415,0.28223533378602655,0.5312985701819767,2.0301408025779497,2.666103338111193,105768.0,105768.0,1.0,8.6,10.0,1492.3364651575416,0.01
280,6.187557220458984,0.638671875,0.36741543548042954,0.28223533378602655,0.5312985701819766,2.0301408025779497,2.643873280718181,105768.0,105768.0,1.0,8.6,10.0,1492.3364651575416,0.01
281,3.072277784347534,0.776875,0.4872735164609627,0.28223533378602655,0.5312985701819767,2.0301408025779497,2.633681388066611,105768.0,105768.0,1.0,8.6,10.0,1492.3364651575416,0.01
282,3.17205548286438,0.7033593749999999,0.4591623105928879,0.28223533378602655,0.5312985701819767,2.0301408025779497,2.64904971611591,105768.0,105768.0,1.0,8.6,10.0,1492.3439900659023,0.01
283,4.18605899810791,0.647734375,0.42875993842904714,0.28223533378602655,0.5312985701819766,2.0301408025779497,2.6124978670369554,105768.0,105768.0,1.0,8.6,10.0,1492.3439900659023,0.01
284,4.689120769500732,0.63359375,0.4100700684134468,0.2822353337860266,0.5312985701819766,2.0301408025779497,2.620254341627391,105768.00000000003,105768.00000000003,1.0,8.6,10.0,1492.3439900659025,0.01
285,4.842463970184326,0.63640625,0.3809702032940264,0.2822353337860265,0.5312985701819767,2.0301408025779497,2.647360828472846,105768.0,105768.0,1.0,8.6,10.0,1492.3439900659027,0.01
286,3.8472630977630615,0.628046875,0.38133535054878787,0.28223533378602655,0.5312985701819767,2.0301408025779497,2.627355969857731,105768.0,105768.0,1.0,8.6,10.0,1492.343990065902,0.01
287,3.325500726699829,0.651015625,0.401357890658523,0.28223533378602655,0.5312985701819766,2.0301408025779497,2.6116026165639346,105768.0,105768.0,1.0,8.6,10.0,1492.3439900659025,0.01
288,3.613694429397583,0.639375,0.4086431677400395,0.28223533378602655,0.5312985701819766,2.0301408025779497,2.5945965845961223,105768.0,105768.0,1.0,8.6,10.0,1492.3439900659023,0.01
289,3.2216944694519043,0.6584374999999999,0.3970028847480897,0.28223533378602655,0.5312985701819766,2.0301408025779497,2.655841912485623,105768.0,105768.0,1.0,8.6,10.0,1492.870263572863,0.01
290,3.947397470474243,0.639296875,0.39063403981663697,0.28223533378602655,0.5312985701819767,2.0301408025779497,2.6312570743061716,105768.00000000001,105768.00000000001,1.0,8.6,10.0,1492.8702635728632,0.01
291,3.292236089706421,0.72546875,0.4428496126154512,0.2822353337860266,0.5312985701819766,2.0301408025779497,2.685876835472888,105768.0,105768.0,1.0,8.6,10.0,1492.929926651946,0.01
292,3.6281168460845947,0.713984375,0.45746655580510764,0.28223533378602655,0.5312985701819766,2.0301408025779497,2.6622086566652228,105768.0,105768.0,1.0,8.6,10.0,1492.9299266519456,0.01
293,4.916469097137451,0.626640625,0.36096031010469354,0.28223533378602655,0.5312985701819767,2.0301408025779497,2.6058546417571327,105768.0,105768.0,1.0,8.6,10.0,1492.9299266519458,0.01
294,3.1696646213531494,0.758671875,0.45696917381466984,0.2822353337860266,0.5312985701819766,2.0301408025779497,2.6440868809821545,105768.0,105768.0,1.0,8.6,10.0,1492.929926651946,0.01
295,3.015537738800049,0.779921875,0.4633905337690274,0.28223533378602655,0.5312985701819766,2.0301408025779497,2.6516730427751307,105768.0,105768.0,1.0,8.6,10.0,1492.9299266519458,0.01
296,3.3865199089050293,0.7725000000000001,0.4667714734975136,0.2822353337860266,0.5312985701819767,2.0301408025779497,2.647357463990075,105768.0,105768.0,1.0,8.6,10.0,1492.9299266519458,0.01
297,3.413734197616577,0.7503125,0.4484238510509314,0.28223533378602655,0.5312985701819766,2.0301408025779497,2.6456923318288568,105768.0,105768.0,1.0,8.6,10.0,1492.9299266519456,0.01
298,3.353921890258789,0.7546874999999998,0.4748187508505682,0.28223533378602655,0.5312985701819766,2.0301408025779497,2.622864043181743,105768.0,105768.0,1.0,8.6,10.0,1492.9299266519458,0.01
299,4.253618240356445,0.690546875,0.4484584654182552,0.2822353337860266,0.5312985701819766,2.0301408025779497,2.615645723463016,105768.0,105768.0,1.0,8.6,10.0,1492.929926651946,0.01
300,3.7533605098724365,0.7590625,0.44890470754151357,0.2822353337860266,0.5312985701819767,2.0301408025779497,2.6304349843183115,105768.0,105768.0,1.0,8.6,10.0,1492.929926651946,0.01
301,3.010164976119995,0.7763281249999999,0.5091275733394147,0.28223533378602655,0.5312985701819767,2.0301408025779497,2.6147615266299957,105768.0,105768.0,1.0,8.6,10.0,1492.929926651946,0.01
302,2.87591290473938,0.7873437499999999,0.474714882312526,0.28223533378602655,0.5312985701819767,2.0301408025779497,2.6219356559522624,105768.0,105768.0,1.0,8.6,10.0,1492.929926651946,0.01
303,3.275298833847046,0.7675,0.47701552040851575,0.2822353337860265,0.5312985701819766,2.0301408025779497,2.65240444556039,105768.0,105768.0,1.0,8.6,10.0,1492.9299266519458,0.01
304,3.1618189811706543,0.7371875,0.45965510942087073,0.2822353337860265,0.5312985701819767,2.0301408025779497,2.6105606968968877,105768.0,105768.0,1.0,8.6,10.0,1492.9299266519458,0.01
305,2.5448427200317383,0.776484375,0.4770996986911416,0.2822353337860265,0.5312985701819766,2.0301408025779497,2.6030429085904583,105768.0,105768.0,1.0,8.6,10.0,1493.539067983739,0.01
306,3.0565972328186035,0.769375,0.4685594286164791,0.28223533378602655,0.5312985701819767,2.0301408025779497,2.6250850486413233,105768.0,105768.0,1.0,8.6,10.0,1493.539067983739,0.01
307,3.3378944396972656,0.7243750000000001,0.4493030367492256,0.28223533378602655,0.5312985701819767,2.0301408025779497,2.645789647252042,105768.0,105768.0,1.0,8.6,10.0,1493.5874376072375,0.01
308,4.052824020385742,0.6587499999999998,0.403821996937274,0.28223533378602655,0.5312985701819767,2.0301408025779497,2.665954820285292,105768.0,105768.0,1.0,8.6,10.0,1493.5874376072375,0.01
309,3.2302803993225098,0.741484375,0.4777835647006805,0.28223533378602655,0.5312985701819767,2.0301408025779497,2.650932109829156,105768.0,105768.0,1.0,8.6,10.0,1493.5874376072377,0.01
310,3.0373806953430176,0.76515625,0.454814133130321,0.2822353337860265,0.5312985701819766,2.0301408025779497,2.6353626987934486,105768.0,105768.0,1.0,8.6,10.0,1493.5881809585087,0.01
311,4.103037357330322,0.707890625,0.45878755797517384,0.2822353337860265,0.5312985701819766,2.0301408025779497,2.6262592879932996,105768.00000000001,105768.00000000001,1.0,8.6,10.0,1493.6080686515363,0.01
312,3.200962543487549,0.748671875,0.5009764632196452,0.28223533378602655,0.5312985701819766,2.0301408025779497,2.641343808991361,105767.99999999999,105767.99999999999,1.0,8.6,10.0,1493.6080686515365,0.01
313,3.010805606842041,0.751796875,0.48986951318073374,0.2822353337860266,0.5312985701819766,2.0301408025779497,2.653498557475405,105768.0,105768.0,1.0,8.6,10.0,1493.6080686515365,0.01
314,3.310580253601074,0.7372656249999999,0.4937082274459431,0.2822353337860266,0.5312985701819766,2.0301408025779497,2.63385360042626,105767.99999999999,105767.99999999999,1.0,8.6,10.0,1493.6080686515363,0.01
315,3.6648623943328857,0.6315625,0.42329067268888154,0.2822353337860265,0.5312985701819767,2.0301408025779497,2.6298628603727803,105768.0,105768.0,1.0,8.6,10.0,1493.6080686515363,0.01
316,3.411189079284668,0.7079687499999999,0.44985631509587837,0.28223533378602655,0.5312985701819766,2.0301408025779497,2.647953192458066,105768.0,105768.0,1.0,8.6,10.0,1493.62122353182,0.01
317,3.1674959659576416,0.7296875000000002,0.4454037781794926,0.2822353337860266,0.5312985701819766,2.0301408025779497,2.620228712043865,105767.99999999999,105767.99999999999,1.0,8.6,10.0,1493.6212235318203,0.01
318,3.2582385540008545,0.714375,0.4340499454847893,0.2822353337860266,0.5312985701819766,2.0301408025779497,2.62725759664037,105768.0,105768.0,1.0,8.6,10.0,1493.6212235318203,0.01
319,3.185840606689453,0.7277343750000002,0.4219090677458381,0.28223533378602655,0.5312985701819766,2.0301408025779497,2.62627087751262,105768.0,105768.0,1.0,8.6,10.0,1493.6212235318203,0.01
320,3.2526025772094727,0.64328125,0.40511408019745454,0.2822353337860266,0.5312985701819766,2.0301408025779497,2.645852768812587,105768.0,105768.0,1.0,8.6,10.0,1493.6212235318203,0.01
321,3.1427388191223145,0.6646875,0.43042290656765225,0.2822353337860266,0.5312985701819766,2.0301408025779497,2.6097054820437458,105767.99999999999,105767.99999999999,1.0,8.6,10.0,1493.6212235318203,0.01
322,3.051110029220581,0.655859375,0.4330205787414553,0.2822353337860265,0.5312985701819766,2.0301408025779497,2.632924712791102,105768.0,105768.0,1.0,8.6,10.0,1493.62122353182,0.01
323,2.794293165206909,0.7639062499999999,0.4870614709352245,0.28223533378602655,0.5312985701819767,2.0301408025779497,2.6534957603291853,105768.0,105768.0,1.0,8.6,10.0,1493.6212235318203,0.01
324,2.979661703109741,0.739921875,0.44667289068600624,0.28223533378602655,0.5312985701819766,2.0301408025779497,2.6530156176373993,105768.0,105768.0,1.0,8.6,10.0,1493.6212235318203,0.01
325,2.8436148166656494,0.748359375,0.44197097601451063,0.2822353337860266,0.5312985701819766,2.0301408025779497,2.6681058492922336,105768.0,105768.0,1.0,8.6,10.0,1493.62122353182,0.01
326,3.4588234424591064,0.7450781249999999,0.4677476137548374,0.2822353337860266,0.5312985701819766,2.0301408025779497,2.662109496091982,105768.0,105768.0,1.0,8.6,10.0,1493.6212235318203,0.01
327,3.3272149562835693,0.7453125000000002,0.4452184510410461,0.2822353337860265,0.5312985701819766,2.0301408025779497,2.648407039902099,105768.0,105768.0,1.0,8.6,10.0,1493.62122353182,0.01
328,3.301734209060669,0.7546874999999998,0.4614592348646016,0.2822353337860266,0.5312985701819766,2.0301408025779497,2.648408011701397,105767.99999999999,105767.99999999999,1.0,8.6,10.0,1493.6212235318203,0.01
329,2.662987470626831,0.782578125,0.5007585753335311,0.2822353337860265,0.5312985701819766,2.0301408025779497,2.626112370930044,105768.0,105768.0,1.0,8.6,10.0,1493.6308322609577,0.01
330,2.722524881362915,0.783671875,0.48148477269134654,0.28223533378602655,0.5312985701819767,2.0301408025779497,2.594955181846788,105768.0,105768.0,1.0,8.6,10.0,1493.6308322609577,0.01
331,2.793400287628174,0.775078125,0.4797258263387764,0.2822353337860266,0.5312985701819766,2.0301408025779497,2.636192822847774,105768.0,105768.0,1.0,8.6,10.0,1493.6308322609575,0.01
332,4.033980846405029,0.6752343750000002,0.4165960560680946,0.2822353337860266,0.5312985701819766,2.0301408025779497,2.6508547011486847,105768.0,105768.0,1.0,8.6,10.0,1493.6308322609577,0.01
333,2.9615232944488525,0.7528125,0.45915159549181,0.28223533378602655,0.5312985701819767,2.0301408025779497,2.6469577990601314,105767.99999999999,105767.99999999999,1.0,8.6,10.0,1493.6308322609577,0.01
334,3.9759111404418945,0.65890625,0.38958735875247064,0.2822353337860265,0.5312985701819766,2.0301408025779497,2.6562375167410597,105768.0,105768.0,1.0,8.6,10.0,1493.6308322609577,0.01
335,2.8738412857055664,0.66671875,0.442041701845174,0.28223533378602655,0.5312985701819767,2.0301408025779497,2.637258680608525,105768.0,105768.0,1.0,8.6,10.0,1493.7537167563562,0.01
336,4.829275131225586,0.6521875,0.4308106205347892,0.2822353337860265,0.5312985701819766,2.0301408025779497,2.62138257601614,105767.99999999999,105767.99999999999,1.0,8.6,10.0,1493.7537167563562,0.01
337,3.361689567565918,0.696171875,0.463457457434252,0.28223533378602655,0.5312985701819767,2.0301408025779497,2.6441879399740236,105768.0,105768.0,1.0,8.6,10.0,1493.7537167563564,0.01
338,2.606166124343872,0.770859375,0.48386162528812077,0.28223533378602655,0.5312985701819766,2.0301408025779497,2.6356632381961194,105768.0,105768.0,1.0,8.6,10.0,1493.753716756356,0.01
339,3.489367961883545,0.6990625,0.4456318126156981,0.28223533378602655,0.5312985701819766,2.0301408025779497,2.6495610226373962,105768.0,105768.0,1.0,8.6,10.0,1493.7537167563562,0.01
340,2.9233365058898926,0.7619531249999999,0.4776254981360646,0.28223533378602655,0.5312985701819766,2.0301408025779497,2.6429844716468818,105768.0,105768.0,1.0,8.6,10.0,1493.753716756356,0.01
341,3.6877810955047607,0.703203125,0.475306575660243,0.28223533378602655,0.5312985701819766,2.0301408025779497,2.652354828551972,105767.99999999999,105767.99999999999,1.0,8.6,10.0,1493.7537167563562,0.01
342,3.007298469543457,0.75796875,0.45213822313261165,0.2822353337860266,0.5312985701819766,2.0301408025779497,2.6614433335748444,105768.0,105768.0,1.0,8.6,10.0,1493.7537167563562,0.01
343,2.558748722076416,0.7696875,0.5012282077009347,0.2822353337860266,0.5312985701819766,2.0301408025779497,2.6460927477159624,105768.0,105768.0,1.0,8.6,10.0,1493.7537167563562,0.01
344,2.5700767040252686,0.7595312500000001,0.4814517575625733,0.2822353337860265,0.5312985701819766,2.0301408025779497,2.6600822042543086,105768.0,105768.0,1.0,8.6,10.0,1493.7537167563562,0.01
345,2.7338523864746094,0.72984375,0.4635718397960666,0.2822353337860265,0.5312985701819766,2.0301408025779497,2.641853178849999,105768.00000000001,105768.00000000001,1.0,8.6,10.0,1493.7537167563562,0.01
346,2.892845392227173,0.748125,0.4658401307955919,0.2822353337860266,0.5312985701819766,2.0301408025779497,2.618247368897835,105768.0,105768.0,1.0,8.6,10.0,1493.7537167563562,0.01
347,2.6916260719299316,0.7628906250000002,0.48292100258670984,0.28223533378602655,0.5312985701819766,2.0301408025779497,2.5990697318762703,105768.0,105768.0,1.0,8.6,10.0,1493.753716756356,0.01
348,3.2217724323272705,0.752421875,0.45032336221020297,0.28223533378602655,0.5312985701819766,2.0301408025779497,2.6352932926013457,105768.0,105768.0,1.0,8.6,10.0,1493.7537167563562,0.01
349,2.8933584690093994,0.755234375,0.45674135732976534,0.2822353337860265,0.5312985701819766,2.0301408025779497,2.6559432013983884,105768.00000000001,105768.00000000001,1.0,8.6,10.0,1493.761241664717,0.01
350,3.256603717803955,0.7425,0.43612111719654817,0.28223533378602655,0.5312985701819766,2.0301408025779497,2.637816669899669,105768.0,105768.0,1.0,8.6,10.0,1493.7612416647166,0.01
351,3.013258695602417,0.7209374999999999,0.4495949933408642,0.28223533378602655,0.5312985701819767,2.0301408025779497,2.646241569631539,105768.0,105768.0,1.0,8.6,10.0,1493.7612416647166,0.01
352,2.830265760421753,0.746015625,0.4478056264700246,0.28223533378602655,0.5312985701819766,2.0301408025779497,2.622868835963245,105768.0,105768.0,1.0,8.6,10.0,1493.7612416647169,0.01
353,2.595247507095337,0.6659375,0.4238281158655245,0.28223533378602655,0.5312985701819766,2.0301408025779497,2.603269724229665,105767.99999999999,105767.99999999999,1.0,8.6,10.0,1493.7612416647169,0.01
354,2.3974270820617676,0.7471875,0.46615952506472835,0.2822353337860265,0.5312985701819766,2.0301408025779497,2.62336301080728,105768.00000000001,105768.00000000001,1.0,8.6,10.0,1493.7612416647169,0.01
355,2.7463254928588867,0.7458593750000001,0.44477661202493435,0.2822353337860265,0.5312985701819766,2.0301408025779497,2.606497486674121,105768.0,105768.0,1.0,8.6,10.0,1493.7612416647169,0.01
356,2.0847935676574707,0.784453125,0.4824376979512336,0.28223533378602655,0.5312985701819766,2.0301408025779497,2.6565971761463105,105768.0,105768.0,1.0,8.6,10.0,1493.7612416647169,0.01
357,3.1436455249786377,0.743671875,0.43961870894706073,0.28223533378602655,0.5312985701819767,2.0301408025779497,2.659272637991652,105768.0,105768.0,1.0,8.6,10.0,1493.7612416647169,0.01
358,2.3547756671905518,0.76015625,0.4468889175190496,0.2822353337860266,0.5312985701819766,2.0301408025779497,2.654607637705622,105767.99999999999,105767.99999999999,1.0,8.6,10.0,1493.8096112882156,0.01
359,2.776148796081543,0.7434375,0.45247160802359987,0.28223533378602655,0.5312985701819767,2.0301408025779497,2.6334956624619097,105768.0,105768.0,1.0,8.6,10.0,1493.8096112882156,0.01
360,2.261995315551758,0.744453125,0.45765637321757496,0.2822353337860266,0.5312985701819766,2.0301408025779497,2.6228334429929383,105768.0,105768.0,1.0,8.6,10.0,1493.8096112882156,0.01
361,2.863163948059082,0.7429687499999998,0.45343137773507924,0.28223533378602655,0.5312985701819766,2.0301408025779497,2.6481583437892096,105768.0,105768.0,1.0,8.6,10.0,1493.8096112882156,0.01
362,2.711355447769165,0.74609375,0.42913550456976546,0.2822353337860266,0.5312985701819766,2.0301408025779497,2.6563575899353675,105768.0,105768.0,1.0,8.6,10.0,1493.8096112882158,0.01
363,2.714913845062256,0.74671875,0.43814732780783094,0.28223533378602655,0.5312985701819767,2.0301408025779497,2.6655818693138777,105768.0,105768.0,1.0,8.6,10.0,1493.8096112882156,0.01
364,2.099640369415283,0.788203125,0.48926522910466763,0.2822353337860265,0.5312985701819766,2.0301408025779497,2.658029827851621,105768.0,105768.0,1.0,8.6,10.0,1493.8096112882156,0.01
365,2.355286121368408,0.7540625,0.4710757173679211,0.28223533378602655,0.5312985701819766,2.0301408025779497,2.655760494893063,105768.0,105768.0,1.0,8.6,10.0,1493.8096112882156,0.01
366,2.1408331394195557,0.708984375,0.44691407882707673,0.2822353337860265,0.5312985701819766,2.0301408025779497,2.62872091111425,105768.00000000001,105768.00000000001,1.0,8.6,10.0,1493.8096112882156,0.01
367,1.6014971733093262,0.785546875,0.4983361657946427,0.2822353337860265,0.5312985701819766,2.0301408025779497,2.6534628532704883,105768.0,105768.0,1.0,8.6,10.0,1493.8096112882154,0.01
368,1.8950467109680176,0.7527343749999998,0.4783661907142173,0.28223533378602655,0.5312985701819767,2.0301408025779497,2.662316717208594,105768.0,105768.0,1.0,8.6,10.0,1493.8096112882158,0.01
369,2.519305944442749,0.685234375,0.43729706055089,0.28223533378602655,0.5312985701819767,2.0301408025779497,2.6318090297868633,105768.0,105768.0,1.0,8.6,10.0,1493.8179252456716,0.01
370,2.1367855072021484,0.673125,0.44158516731635855,0.28223533378602655,0.5312985701819766,2.0301408025779497,2.598683046715398,105767.99999999999,105767.99999999999,1.0,8.6,10.0,1493.8179252456716,0.01
371,2.1791298389434814,0.7067968750000001,0.45541236722489614,0.2822353337860265,0.5312985701819766,2.0301408025779497,2.6163136599226013,105768.0,105768.0,1.0,8.6,10.0,1493.8179252456719,0.01
372,2.103954553604126,0.7843750000000002,0.4888682071309381,0.28223533378602655,0.5312985701819766,2.0301408025779497,2.63613587952575,105768.0,105768.0,1.0,8.6,10.0,1493.8179252456716,0.01
373,2.48004412651062,0.738125,0.46717142274315177,0.2822353337860265,0.5312985701819767,2.0301408025779497,2.635951303060667,105768.0,105768.0,1.0,8.6,10.0,1493.8179252456716,0.01
374,2.084697723388672,0.764765625,0.4814068885122497,0.2822353337860265,0.5312985701819766,2.0301408025779497,2.6194153324552865,105768.0,105768.0,1.0,8.6,10.0,1494.8179672115068,0.01
375,3.126034736633301,0.7307031249999999,0.46453163475410875,0.2822353337860266,0.5312985701819766,2.0301408025779497,2.6483866672790324,105768.0,105768.0,1.0,8.6,10.0,1494.8179672115066,0.01
376,2.239872694015503,0.763671875,0.49934432027230324,0.28223533378602655,0.5312985701819766,2.0301408025779497,2.6490522921317794,105768.00000000001,105768.00000000001,1.0,8.6,10.0,1494.8663368350053,0.01
377,2.543140411376953,0.7478125000000001,0.474609348220653,0.28223533378602655,0.5312985701819766,2.0301408025779497,2.6680693128257364,105768.0,105768.0,1.0,8.6,10.0,1494.8663368350053,0.01
378,2.520419120788574,0.747890625,0.4822392327418795,0.2822353337860266,0.5312985701819766,2.0301408025779497,2.627902004791671,105768.0,105768.0,1.0,8.6,10.0,1494.8663368350053,0.01
379,3.132991313934326,0.7079687499999999,0.45563190123074404,0.28223533378602655,0.5312985701819766,2.0301408025779497,2.6180835658647474,105768.0,105768.0,1.0,8.6,10.0,1494.8663368350053,0.01
380,5.66657829284668,0.575859375,0.360087743876418,0.28223533378602655,0.5312985701819766,2.0301408025779497,2.643733216478382,105768.0,105768.0,1.0,8.6,10.0,1494.866336835005,0.01
381,3.2265782356262207,0.7065625,0.45607040917252134,0.28223533378602655,0.5312985701819766,2.0301408025779497,2.645029699522551,105768.0,105768.0,1.0,8.6,10.0,1494.866336835005,0.01
382,2.6148838996887207,0.7410156249999998,0.4718290315924379,0.28223533378602655,0.5312985701819767,2.0301408025779497,2.62498347222052,105768.0,105768.0,1.0,8.6,10.0,1494.8663368350055,0.01
383,3.432896852493286,0.727421875,0.4490072844749339,0.2822353337860266,0.5312985701819766,2.0301408025779497,2.659022125694275,105768.0,105768.0,1.0,8.6,10.0,1494.8663368350053,0.01
384,2.559652805328369,0.74734375,0.4642305773634058,0.2822353337860265,0.5312985701819766,2.0301408025779497,2.6196043051975675,105768.0,105768.0,1.0,8.6,10.0,1494.8663368350055,0.01
385,2.25707745552063,0.775546875,0.4899840595737956,0.2822353337860266,0.5312985701819766,2.0301408025779497,2.622818115134634,105768.0,105768.0,1.0,8.6,10.0,1494.8663368350053,0.01
386,3.150378465652466,0.7425,0.46765761333328953,0.28223533378602655,0.5312985701819767,2.0301408025779497,2.6050036009165747,105768.0,105768.0,1.0,8.6,10.0,1494.866336835005,0.01
387,4.511410713195801,0.7115625,0.4295023589081052,0.2822353337860266,0.5312985701819766,2.0301408025779497,2.6583353018606344,105768.0,105768.0,1.0,8.6,10.0,1494.8663368350053,0.01
388,2.6224517822265625,0.748359375,0.516046668056676,0.28223533378602655,0.5312985701819766,2.0301408025779497,2.6535222438926573,105768.0,105768.0,1.0,8.6,10.0,1494.8663368350053,0.01
389,2.7088091373443604,0.754609375,0.4771568307256574,0.2822353337860266,0.5312985701819766,2.0301408025779497,2.6449333832139734,105768.0,105768.0,1.0,8.6,10.0,1494.8663368350053,0.01
390,1.6553384065628052,0.81015625,0.5494782549898987,0.2822353337860265,0.5312985701819766,2.0301408025779497,2.6414202002370026,105768.0,105768.0,1.0,8.6,10.0,1494.866336835005,0.01
391,2.066492795944214,0.7763281249999999,0.5050367461505215,0.2822353337860265,0.5312985701819767,2.0301408025779497,2.626641139985433,105768.0,105768.0,1.0,8.6,10.0,1494.8663368350053,0.01
392,1.97464120388031,0.78796875,0.502953277021459,0.28223533378602655,0.5312985701819766,2.0301408025779497,2.658140622622099,105768.0,105768.0,1.0,8.6,10.0,1494.8817552808407,0.01
393,1.7659103870391846,0.797578125,0.5507851834467262,0.28223533378602655,0.5312985701819767,2.0301408025779497,2.629148861283799,105768.0,105768.0,1.0,8.6,10.0,1494.8817552808407,0.01
394,3.3096814155578613,0.709453125,0.4631536030116341,0.2822353337860266,0.5312985701819766,2.0301408025779497,2.635957411634924,105768.0,105768.0,1.0,8.6,10.0,1494.8865596454093,0.01
395,3.349273443222046,0.721328125,0.46557950932666164,0.28223533378602655,0.5312985701819766,2.0301408025779497,2.648544995721724,105768.0,105768.0,1.0,8.6,10.0,1494.8865596454093,0.01
396,2.253347158432007,0.7607031249999999,0.5062599844085929,0.28223533378602655,0.5312985701819767,2.0301408025779497,2.6524924163772994,105768.00000000001,105768.00000000001,1.0,8.6,10.0,1494.8865596454093,0.01
397,2.429508686065674,0.75015625,0.477250958409204,0.28223533378602655,0.5312985701819767,2.0301408025779497,2.6396837794702632,105768.0,105768.0,1.0,8.6,10.0,1494.8865596454093,0.01
398,2.076444387435913,0.776953125,0.4932071814666041,0.28223533378602655,0.5312985701819766,2.0301408025779497,2.6109977358450402,105768.0,105768.0,1.0,8.6,10.0,1494.8865596454093,0.01
399,1.9914463758468628,0.777421875,0.4937767398878729,0.28223533378602655,0.5312985701819767,2.0301408025779497,2.6568157283513414,105768.0,105768.0,1.0,8.6,10.0,1494.8865596454093,0.01
400,2.1511340141296387,0.7843750000000002,0.525462999929661,0.28223533378602655,0.5312985701819766,2.0301408025779497,2.6696862219564816,105768.0,105768.0,1.0,8.6,10.0,1494.8865596454093,0.01
401,1.9210047721862793,0.7796875,0.5343678065114714,0.2822353337860265,0.5312985701819766,2.0301408025779497,2.6178342509829413,105768.0,105768.0,1.0,8.6,10.0,1494.8865596454095,0.01
402,3.176067590713501,0.7273437499999998,0.4442046480778356,0.28223533378602655,0.5312985701819766,2.0301408025779497,2.613522785327454,105768.00000000001,105768.00000000001,1.0,8.6,10.0,1494.8865596454095,0.01
403,2.160909414291382,0.759921875,0.49948080742689943,0.2822353337860266,0.5312985701819767,2.0301408025779497,2.5969317541063304,105768.0,105768.0,1.0,8.6,10.0,1494.8865596454095,0.01
404,1.7743231058120728,0.7810156250000001,0.5147060927810528,0.28223533378602655,0.5312985701819767,2.0301408025779497,2.6177923837590935,105768.0,105768.0,1.0,8.6,10.0,1494.8865596454093,0.01
405,2.2933666706085205,0.7653906250000001,0.48401438469891733,0.28223533378602655,0.5312985701819767,2.0301408025779497,2.6248990823495153,105767.99999999999,105767.99999999999,1.0,8.6,10.0,1494.8865596454093,0.01
406,3.144897699356079,0.678046875,0.42836081844581375,0.2822353337860265,0.5312985701819766,2.0301408025779497,2.61176236485416,105768.0,105768.0,1.0,8.6,10.0,1494.8865596454095,0.01
407,3.2092368602752686,0.712265625,0.46791590031329594,0.28223533378602655,0.5312985701819767,2.0301408025779497,2.6148886382951693,105768.0,105768.0,1.0,8.6,10.0,1494.8865596454093,0.01
408,2.4262311458587646,0.7667968750000002,0.4866950423147814,0.2822353337860266,0.5312985701819766,2.0301408025779497,2.611277062399974,105768.0,105768.0,1.0,8.6,10.0,1494.8865596454093,0.01
409,2.6332547664642334,0.70859375,0.4916838728187537,0.28223533378602655,0.5312985701819766,2.0301408025779497,2.618105984202712,105768.0,105768.0,1.0,8.6,10.0,1494.8441611280903,0.01
410,2.3652782440185547,0.72640625,0.4945761050216346,0.28223533378602655,0.5312985701819766,2.0301408025779497,2.6513864291177267,105767.99999999999,105767.99999999999,1.0,8.6,10.0,1494.6385197012457,0.01
411,2.2551095485687256,0.75015625,0.5008187472876895,0.2822353337860265,0.5312985701819766,2.0301408025779497,2.6360925212932473,105768.0,105768.0,1.0,8.6,10.0,1494.6806195832846,0.01
412,2.079969644546509,0.756015625,0.5270710732468843,0.2822353337860266,0.5312985701819766,2.0301408025779497,2.632357715026318,105768.0,105768.0,1.0,8.6,10.0,1494.6889335407404,0.01
413,1.9135427474975586,0.7846093750000002,0.545985616041405,0.28223533378602655,0.5312985701819767,2.0301408025779497,2.651908700127922,105768.0,105768.0,1.0,8.6,10.0,1494.6964584491009,0.01
414,3.346477508544922,0.688359375,0.4491917480489033,0.28223533378602655,0.5312985701819766,2.0301408025779497,2.6469142265261065,105768.0,105768.0,1.0,8.6,10.0,1494.7448280725998,0.01
415,3.3895888328552246,0.665859375,0.4525290481254827,0.28223533378602655,0.5312985701819767,2.0301408025779497,2.6143391076710722,105768.0,105768.0,1.0,8.6,10.0,1494.7448280725998,0.01
416,2.6957898139953613,0.730546875,0.4661339139058157,0.28223533378602655,0.5312985701819767,2.0301408025779497,2.6511875005077785,105768.0,105768.0,1.0,8.6,10.0,1494.8044911516824,0.01
417,3.0188844203948975,0.645859375,0.45895264332525704,0.2822353337860265,0.5312985701819766,2.0301408025779497,2.6271037721834736,105768.0,105768.0,1.0,8.6,10.0,1494.8044911516827,0.01
418,2.5538692474365234,0.710546875,0.4836355357021843,0.28223533378602655,0.5312985701819767,2.0301408025779497,2.6133411657492243,105768.0,105768.0,1.0,8.6,10.0,1494.8044911516824,0.01
419,3.0447895526885986,0.65390625,0.4292835506849484,0.2822353337860266,0.5312985701819766,2.0301408025779497,2.651492805497506,105768.0,105768.0,1.0,8.6,10.0,1494.8044911516827,0.01
420,3.9923007488250732,0.7271093749999998,0.4532941148821602,0.28223533378602655,0.5312985701819766,2.0301408025779497,2.6614833895463947,105768.0,105768.0,1.0,8.6,10.0,1494.8044911516827,0.01
421,2.968900680541992,0.737578125,0.48110229854078845,0.28223533378602655,0.5312985701819767,2.0301408025779497,2.649970392660387,105768.0,105768.0,1.0,8.6,10.0,1494.8044911516824,0.01
422,2.667938232421875,0.67390625,0.44324002608048413,0.2822353337860265,0.5312985701819766,2.0301408025779497,2.652487709060732,105768.0,105768.0,1.0,8.6,10.0,1494.8044911516827,0.01
423,5.158697605133057,0.6239843749999999,0.4008797429584427,0.28223533378602655,0.5312985701819766,2.0301408025779497,2.6547588105460926,105767.99999999999,105767.99999999999,1.0,8.6,10.0,1494.8044911516827,0.01
424,4.483034610748291,0.7009375000000001,0.45514758894530927,0.28223533378602655,0.5312985701819766,2.0301408025779497,2.6327123996750688,105768.00000000001,105768.00000000001,1.0,8.6,10.0,1494.834590785125,0.01
425,3.745157480239868,0.679765625,0.4356712944072442,0.28223533378602655,0.5312985701819767,2.0301408025779497,2.633383555008606,105768.0,105768.0,1.0,8.6,10.0,1494.834590785125,0.01
426,2.825188159942627,0.739140625,0.5164356111996762,0.2822353337860265,0.5312985701819766,2.0301408025779497,2.6492921733118,105768.0,105768.0,1.0,8.6,10.0,1494.834590785125,0.01
427,2.475942611694336,0.76796875,0.527177687632444,0.28223533378602655,0.5312985701819766,2.0301408025779497,2.619306674763744,105768.0,105768.0,1.0,8.6,10.0,1494.8496406018462,0.01
428,2.8283851146698,0.711796875,0.5193088611353905,0.28223533378602655,0.5312985701819767,2.0301408025779497,2.6427415692709557,105768.0,105768.0,1.0,8.6,10.0,1494.8496406018462,0.01
429,3.3567380905151367,0.6748437500000001,0.45909099143920395,0.28223533378602655,0.5312985701819766,2.0301408025779497,2.619935480629927,105768.0,105768.0,1.0,8.6,10.0,1494.8496406018464,0.01
430,4.262663841247559,0.636328125,0.4218609829264857,0.28223533378602655,0.5312985701819767,2.0301408025779497,2.6011832714303944,105768.0,105768.0,1.0,8.6,10.0,1494.8496406018467,0.01
431,3.5708940029144287,0.6514062500000001,0.4611293331894256,0.2822353337860265,0.5312985701819766,2.0301408025779497,2.6148177256795777,105768.0,105768.0,1.0,8.6,10.0,1494.8571655102069,0.01
432,3.674546957015991,0.64390625,0.43103093172375784,0.28223533378602655,0.5312985701819767,2.0301408025779497,2.6395682757469037,105768.0,105768.0,1.0,8.6,10.0,1494.857165510207,0.01
433,4.524783134460449,0.658046875,0.4457429268267335,0.28223533378602655,0.5312985701819766,2.0301408025779497,2.6391822423276317,105768.0,105768.0,1.0,8.6,10.0,1494.8571655102069,0.01
434,3.9770290851593018,0.65828125,0.4185206239046592,0.2822353337860266,0.5312985701819766,2.0301408025779497,2.6613524292815476,105768.0,105768.0,1.0,8.6,10.0,1494.857165510207,0.01
435,4.665416717529297,0.677109375,0.43329795256177567,0.28223533378602655,0.5312985701819766,2.0301408025779497,2.634990134364338,105768.0,105768.0,1.0,8.6,10.0,1494.857165510207,0.01
436,4.262444496154785,0.64328125,0.4191232275883208,0.28223533378602655,0.5312985701819767,2.0301408025779497,2.6344381445628624,105768.0,105768.0,1.0,8.6,10.0,1494.8571655102069,0.01
437,4.129706859588623,0.61953125,0.38478338213561386,0.28223533378602655,0.5312985701819767,2.0301408025779497,2.6350284705220055,105768.0,105768.0,1.0,8.6,10.0,1494.8571655102069,0.01
438,3.7594399452209473,0.703515625,0.45925351707088014,0.2822353337860266,0.5312985701819766,2.0301408025779497,2.6335991171542097,105768.0,105768.0,1.0,8.6,10.0,1494.8834752707749,0.01
439,4.277721405029297,0.698359375,0.43911714967993487,0.28223533378602655,0.5312985701819766,2.0301408025779497,2.64844430392459,105768.0,105768.0,1.0,8.6,10.0,1494.8834752707749,0.01
440,2.7535924911499023,0.71125,0.47576529781064697,0.28223533378602655,0.5312985701819767,2.0301408025779497,2.635203337226824,105768.0,105768.0,1.0,8.6,10.0,1494.8834752707749,0.01
441,4.468352794647217,0.6482031250000001,0.4254773321899717,0.2822353337860265,0.5312985701819766,2.0301408025779497,2.6356266943057713,105767.99999999999,105767.99999999999,1.0,8.6,10.0,1494.8834752707746,0.01
442,3.140373706817627,0.736015625,0.48188321354027724,0.28223533378602655,0.5312985701819767,2.0301408025779497,2.645735864073266,105768.0,105768.0,1.0,8.6,10.0,1494.8834752707749,0.01
443,2.9204609394073486,0.7380468750000001,0.47225631599610146,0.28223533378602655,0.5312985701819766,2.0301408025779497,2.600730037046769,105768.0,105768.0,1.0,8.6,10.0,1494.8834752707746,0.01
444,3.117797374725342,0.755390625,0.4698470947348518,0.28223533378602655,0.5312985701819766,2.0301408025779497,2.6219538189778735,105768.0,105768.0,1.0,8.6,10.0,1494.8834752707746,0.01
445,3.7411446571350098,0.7368749999999998,0.4626653597332049,0.28223533378602655,0.5312985701819767,2.0301408025779497,2.616921170218801,105768.00000000001,105768.00000000001,1.0,8.6,10.0,1494.8834752707749,0.01
446,2.174025774002075,0.7884375,0.5183143266829343,0.28223533378602655,0.5312985701819766,2.0301408025779497,2.613323308314795,105768.0,105768.0,1.0,8.6,10.0,1494.8834752707746,0.01
447,2.8176960945129395,0.7572656250000002,0.49750912587035395,0.2822353337860266,0.5312985701819766,2.0301408025779497,2.646475219485764,105768.0,105768.0,1.0,8.6,10.0,1494.8834752707746,0.01
448,3.029585599899292,0.7328125,0.49767281522649703,0.2822353337860265,0.5312985701819766,2.0301408025779497,2.653101530936556,105768.0,105768.0,1.0,8.6,10.0,1494.8834752707749,0.01
449,2.7036869525909424,0.753046875,0.4997941546117343,0.2822353337860266,0.5312985701819766,2.0301408025779497,2.6447547757389427,105768.0,105768.0,1.0,8.6,10.0,1494.890786922623,0.01
450,2.1859235763549805,0.789765625,0.5542790585934055,0.28223533378602655,0.5312985701819767,2.0301408025779497,2.6441772902575287,105768.0,105768.0,1.0,8.6,10.0,1494.8907869226232,0.01
451,2.490701675415039,0.7705468750000001,0.5424905749323266,0.28223533378602655,0.5312985701819766,2.0301408025779497,2.632405561518323,105767.99999999999,105767.99999999999,1.0,8.6,10.0,1494.8907869226232,0.01
452,2.682429790496826,0.7624999999999998,0.53283044199963,0.28223533378602655,0.5312985701819766,2.0301408025779497,2.65002063536882,105768.0,105768.0,1.0,8.6,10.0,1494.8907869226232,0.01
453,2.601020574569702,0.749375,0.5152785260437943,0.28223533378602655,0.5312985701819767,2.0301408025779497,2.6562609510634845,105768.0,105768.0,1.0,8.6,10.0,1494.890786922623,0.01
454,3.0231058597564697,0.7321875000000001,0.45018310401895834,0.28223533378602655,0.5312985701819767,2.0301408025779497,2.6503833333511766,105768.0,105768.0,1.0,8.6,10.0,1494.8907869226232,0.01
455,4.816413402557373,0.636328125,0.42623565683693837,0.2822353337860266,0.5312985701819766,2.0301408025779497,2.6444766021680386,105768.0,105768.0,1.0,8.6,10.0,1494.8907869226232,0.01
456,2.190460681915283,0.79171875,0.5236448617207403,0.28223533378602655,0.5312985701819767,2.0301408025779497,2.611278996784998,105768.0,105768.0,1.0,8.6,10.0,1494.8907869226232,0.01
457,2.673356056213379,0.756953125,0.47603222843755927,0.2822353337860266,0.5312985701819766,2.0301408025779497,2.6136355571898555,105768.0,105768.0,1.0,8.6,10.0,1494.8907869226232,0.01
458,2.460312843322754,0.6902343749999998,0.48568725941896496,0.28223533378602655,0.5312985701819766,2.0301408025779497,2.652135942417752,105768.0,105768.0,1.0,8.6,10.0,1494.8907869226232,0.01
459,4.379260540008545,0.628203125,0.4168969718592213,0.28223533378602655,0.5312985701819767,2.0301408025779497,2.598512271942428,105768.00000000001,105768.00000000001,1.0,8.6,10.0,1494.9003956517604,0.01
460,2.525784969329834,0.7743749999999999,0.5057618040773411,0.2822353337860265,0.5312985701819766,2.0301408025779497,2.6027445195664334,105768.0,105768.0,1.0,8.6,10.0,1494.9003956517604,0.01
461,3.464250326156616,0.6678125,0.46402548891214607,0.28223533378602655,0.5312985701819766,2.0301408025779497,2.632225931518221,105768.0,105768.0,1.0,8.6,10.0,1494.9003956517606,0.01
462,2.353026866912842,0.7739843749999998,0.5420176713757188,0.2822353337860265,0.5312985701819766,2.0301408025779497,2.624995971954179,105768.0,105768.0,1.0,8.6,10.0,1494.9003956517604,0.01
463,3.1710567474365234,0.668671875,0.4656845177279468,0.28223533378602655,0.5312985701819767,2.0301408025779497,2.6208736162729744,105768.0,105768.0,1.0,8.6,10.0,1494.9003956517604,0.01
464,2.37398362159729,0.8013281249999998,0.5211869256782033,0.28223533378602655,0.5312985701819767,2.0301408025779497,2.7298295211910992,105768.0,105768.0,1.0,8.6,10.0,1494.9003956517606,0.01
465,2.243590831756592,0.7826562500000002,0.5359881697522806,0.2822353337860265,0.5312985701819766,2.0301408025779497,2.6474645944741346,105768.0,105768.0,1.0,8.6,10.0,1494.9003956517604,0.01
466,1.888424038887024,0.768046875,0.5368551481820355,0.28223533378602655,0.5312985701819766,2.0301408025779497,2.6550818180084006,105768.0,105768.0,1.0,8.6,10.0,1494.9003956517604,0.01
467,2.2595181465148926,0.7585937499999998,0.5236979042283288,0.28223533378602655,0.5312985701819767,2.0301408025779497,2.6374785565787,105768.0,105768.0,1.0,8.6,10.0,1494.9003956517604,0.01
468,2.447316884994507,0.71765625,0.5109416578521521,0.2822353337860265,0.5312985701819766,2.0301408025779497,2.6637927517980557,105768.0,105768.0,1.0,8.6,10.0,1494.9003956517604,0.01
469,4.112166404724121,0.658203125,0.4547053327655721,0.2822353337860266,0.5312985701819766,2.0301408025779497,2.64068225156757,105768.0,105768.0,1.0,8.6,10.0,1494.9003956517604,0.01
470,2.3232290744781494,0.78671875,0.5392669797222069,0.28223533378602655,0.5312985701819767,2.0301408025779497,2.6226029588556607,105767.99999999999,105767.99999999999,1.0,8.6,10.0,1494.9003956517606,0.01
471,4.123202323913574,0.71203125,0.47844818639486514,0.28223533378602655,0.5312985701819767,2.0301408025779497,2.6239428821479893,105768.0,105768.0,1.0,8.6,10.0,1494.9003956517606,0.01
472,2.5625555515289307,0.7771875,0.5391615110718415,0.2822353337860266,0.5312985701819766,2.0301408025779497,2.649089416147041,105767.99999999997,105767.99999999997,1.0,8.6,10.0,1494.9202833447882,0.01
473,2.8335678577423096,0.754296875,0.5177243934339635,0.28223533378602655,0.5312985701819767,2.0301408025779497,2.6538417305436495,105768.0,105768.0,1.0,8.6,10.0,1494.9202833447882,0.01
474,2.991577386856079,0.770625,0.5123140213515897,0.28223533378602655,0.5312985701819767,2.0301408025779497,2.603311587372021,105768.0,105768.0,1.0,8.6,10.0,1494.920283344788,0.01
475,1.9770193099975586,0.794453125,0.5570176156181195,0.28223533378602655,0.5312985701819766,2.0301408025779497,2.637496238518312,105768.0,105768.0,1.0,8.6,10.0,1494.9202833447882,0.01
476,3.202298641204834,0.719375,0.4720087600973425,0.28223533378602655,0.5312985701819766,2.0301408025779497,2.6559206175276056,105768.0,105768.0,1.0,8.6,10.0,1494.920283344788,0.01
477,1.9700881242752075,0.8103125000000001,0.5507401867696151,0.28223533378602655,0.5312985701819766,2.0301408025779497,2.6547982963965664,105767.99999999999,105767.99999999999,1.0,8.6,10.0,1494.9202833447882,0.01
478,2.4761102199554443,0.78671875,0.5079277434522496,0.28223533378602655,0.5312985701819767,2.0301408025779497,2.6312893062313973,105768.0,105768.0,1.0,8.6,10.0,1494.920283344788,0.01
479,2.8610942363739014,0.784296875,0.516712454098359,0.2822353337860266,0.5312985701819766,2.0301408025779497,2.6510395787934065,105767.99999999999,105767.99999999999,1.0,8.6,10.0,1495.012446716337,0.01
480,3.9790260791778564,0.636953125,0.4552940040380894,0.2822353337860266,0.5312985701819766,2.0301408025779497,2.6371974294493565,105768.0,105768.0,1.0,8.6,10.0,1495.012446716337,0.01
481,2.456470012664795,0.7821874999999999,0.5384138065549487,0.2822353337860266,0.5312985701819767,2.0301408025779497,2.650489350899094,105768.0,105768.0,1.0,8.6,10.0,1495.012446716337,0.01
482,2.1651320457458496,0.7775,0.5197489793150355,0.28223533378602655,0.5312985701819767,2.0301408025779497,2.6287191508480503,105768.0,105768.0,1.0,8.6,10.0,1495.0124467163369,0.01
483,2.2732362747192383,0.7888281250000001,0.521176756474889,0.2822353337860266,0.5312985701819766,2.0301408025779497,2.6574012043881097,105768.0,105768.0,1.0,8.6,10.0,1495.0124467163369,0.01
484,2.785846710205078,0.773515625,0.5091642471595539,0.28223533378602655,0.5312985701819767,2.0301408025779497,2.601377354831671,105768.00000000001,105768.00000000001,1.0,8.6,10.0,1495.012446716337,0.01
485,3.7226736545562744,0.683125,0.45104380309564507,0.2822353337860266,0.5312985701819766,2.0301408025779497,2.611413326464806,105768.0,105768.0,1.0,8.6,10.0,1495.012446716337,0.01
486,2.5608372688293457,0.7385156249999999,0.5234047678131811,0.2822353337860266,0.5312985701819767,2.0301408025779497,2.646031183341869,105768.0,105768.0,1.0,8.6,10.0,1495.0124467163373,0.01
487,2.7942075729370117,0.699609375,0.5112922878867865,0.2822353337860266,0.5312985701819766,2.0301408025779497,2.654786445062147,105768.0,105768.0,1.0,8.6,10.0,1495.0124467163369,0.01
488,2.3486194610595703,0.7478125000000001,0.5235903826922235,0.28223533378602655,0.5312985701819766,2.0301408025779497,2.675506872638788,105768.00000000001,105768.00000000001,1.0,8.6,10.0,1495.0278651621725,0.01
489,1.9362462759017944,0.7861718750000001,0.5410728964940118,0.28223533378602655,0.5312985701819766,2.0301408025779497,2.6552738799512934,105768.0,105768.0,1.0,8.6,10.0,1495.0278651621725,0.01
490,2.152566432952881,0.797578125,0.5448191791435812,0.2822353337860265,0.5312985701819766,2.0301408025779497,2.6211035156785525,105768.0,105768.0,1.0,8.6,10.0,1495.0278651621722,0.01
491,3.073092222213745,0.7712500000000001,0.5377099105669727,0.28223533378602655,0.5312985701819766,2.0301408025779497,2.602756291855667,105768.0,105768.0,1.0,8.6,10.0,1495.0278651621722,0.01
492,2.9715263843536377,0.7332031249999998,0.5009993747207464,0.2822353337860266,0.5312985701819766,2.0301408025779497,2.632674479731865,105767.99999999999,105767.99999999999,1.0,8.6,10.0,1495.0278651621725,0.01
493,3.0601565837860107,0.748203125,0.5175499987120535,0.2822353337860266,0.5312985701819766,2.0301408025779497,2.651667183506528,105768.0,105768.0,1.0,8.6,10.0,1495.0278651621722,0.01
494,3.99712872505188,0.624765625,0.4356786906836102,0.2822353337860265,0.5312985701819767,2.0301408025779497,2.651618992342366,105768.0,105768.0,1.0,8.6,10.0,1495.0278651621725,0.01
495,3.0842864513397217,0.709140625,0.4760968373750168,0.28223533378602655,0.5312985701819767,2.0301408025779497,2.662067308708168,105767.99999999999,105767.99999999999,1.0,8.6,10.0,1495.0278651621725,0.01
496,3.647982120513916,0.72234375,0.46641785891183424,0.2822353337860266,0.5312985701819766,2.0301408025779497,2.641261454547852,105768.0,105768.0,1.0,8.6,10.0,1495.0278651621722,0.01
497,3.0718562602996826,0.7485937499999998,0.5058384896311711,0.28223533378602655,0.5312985701819767,2.0301408025779497,2.6495915345163095,105768.0,105768.0,1.0,8.6,10.0,1495.0278651621727,0.01
498,2.948850631713867,0.7340625,0.509775552928548,0.2822353337860265,0.5312985701819766,2.0301408025779497,2.675907741459832,105768.0,105768.0,1.0,8.6,10.0,1495.0278651621722,0.01
499,3.07253098487854,0.7429687499999998,0.5201452304563863,0.28223533378602655,0.5312985701819766,2.0301408025779497,2.6561080144471036,105768.0,105768.0,1.0,8.6,10.0,1495.0278651621722,0.01
500,2.4923155307769775,0.7627343750000001,0.5249430983139698,0.2822353337860265,0.5312985701819767,2.0301408025779497,2.653320236862254,105768.0,105768.0,1.0,8.6,10.0,1495.0278651621725,0.01
