round,loss,accuracy,f1,fit_wall_s,comm_bytes_down,comm_bytes_up,memory_usage_mb,noise_multiplier
1,1.3507535457611084,0.49949100780454697,0.4102094471759881,1.7451281916913584,218160.0,218160.0,872.140018766152,0.0
2,0.9695274233818054,0.5921275873769936,0.4985504195371159,0.3319286483221397,218159.99999999997,218159.99999999997,1530.4117560485242,0.0
3,0.7714871168136597,0.6192738378011537,0.5475866416536769,0.3244829110403964,218159.99999999997,218159.99999999997,1530.856277947327,0.0
4,0.6804251670837402,0.6457414319647099,0.607059227988277,0.33019034196425057,218159.99999999997,218159.99999999997,1531.3173344625611,0.0
5,0.6181434988975525,0.6973193077706142,0.6803484726112868,0.3312331735439218,218160.0,218160.0,1531.4157345577732,0.0
6,0.5941265225410461,0.7254835425856804,0.7170111349830695,0.33270051342488893,218160.0,218160.0,1531.4430230507005,0.0
7,0.5507723689079285,0.7729894808279606,0.7701441081015726,0.3272946116973578,218160.0,218160.0,1531.4976850474359,0.0
8,0.5323243737220764,0.7797760434340006,0.7768427273070593,0.3277321464348669,218159.99999999997,218159.99999999997,1531.5528996149005,0.0
9,0.49063143134117126,0.8082796063793688,0.806496346499595,0.32257664398218266,218160.0,218160.0,1531.627135367077,0.0
10,0.48978978395462036,0.8025110281642348,0.7999076842319559,0.3273123130445512,218159.99999999997,218159.99999999997,1531.627135367077,0.0
11,0.4759243428707123,0.8157448252460129,0.8136013111118471,0.3305516154449575,218159.99999999997,218159.99999999997,1531.659737040091,0.0
12,0.447992205619812,0.834068544282321,0.8321946176448605,0.3268045213588303,218160.0,218160.0,1531.736140569743,0.0
13,0.4320690631866455,0.8466236851034951,0.8440544150243969,0.3278535190033316,218159.99999999997,218159.99999999997,1531.7688485063586,0.0
14,0.41697996854782104,0.8486596538853071,0.8467625535310571,0.3239344796236763,218160.0,218160.0,1531.7942880126154,0.0
15,0.4115941524505615,0.8506956226671191,0.8480414836771193,0.3321480466634586,218159.99999999997,218159.99999999997,1531.7942880126154,0.0
16,0.39206674695014954,0.8601968103155752,0.8580965081117048,0.3254177790536455,218159.99999999997,218159.99999999997,1531.8268896856296,0.0
17,0.3904936611652374,0.8595181540549711,0.85755299257478,0.32750868836217134,218159.99999999997,218159.99999999997,1531.8594913586437,0.0
18,0.378528892993927,0.8612147947064812,0.8592384847856973,0.329773620533087,218159.99999999997,218159.99999999997,1531.8630830683826,0.0
19,0.3694012761116028,0.8629114353579912,0.8614109001121538,0.3300382774140811,218159.99999999994,218159.99999999994,1531.8630830683826,0.0
20,0.3675054609775543,0.8646080760095012,0.8626285942651947,0.32890002123030543,218159.99999999997,218159.99999999997,1531.8630830683828,0.0
21,0.3605329096317291,0.8649474041398032,0.8633649088685642,0.3304277050093027,218159.99999999997,218159.99999999997,1531.8630830683826,0.0
22,0.36005857586860657,0.8639294197488971,0.862308015749781,0.3340273459276774,218160.0,218160.0,1531.895684741397,0.0
23,0.35395708680152893,0.8652867322701052,0.8641383539592832,0.33204791575702675,218159.99999999997,218159.99999999997,1531.895684741397,0.0
24,0.3520130217075348,0.8639294197488971,0.8628888038804361,0.33114897523792836,218160.0,218160.0,1531.895684741397,0.0
25,0.35270026326179504,0.8598574821852731,0.858725924916831,0.3316011562440808,218159.99999999997,218159.99999999997,1531.8956847413967,0.0
26,0.3464262783527374,0.8642687478791992,0.8633687493974843,0.334929881372182,218159.99999999997,218159.99999999997,1531.8956847413967,0.0
27,0.33924221992492676,0.8669833729216152,0.8658538183307737,0.3385380531161602,218160.0,218160.0,1531.895684741397,0.0
28,0.3408183157444,0.8666440447913132,0.8656731153297439,0.32671329083977113,218160.0,218160.0,1531.8956847413967,0.0
29,0.33372512459754944,0.8700373260943333,0.8690414129323892,0.3305851972790615,218160.0,218160.0,1531.895684741397,0.0
30,0.33759135007858276,0.8700373260943333,0.8692323041080403,0.337048644437105,218160.0,218160.0,1531.895684741397,0.0
31,0.3345646560192108,0.8703766542246352,0.8694746384130534,0.3437035648360995,218159.99999999997,218159.99999999997,1531.895684741397,0.0
32,0.3376711905002594,0.8700373260943333,0.8690596310924159,0.3398841308496722,218159.99999999997,218159.99999999997,1531.895684741397,0.0
33,0.3310101628303528,0.8713946386155412,0.8708631570979174,0.3453642621198598,218160.0,218160.0,1531.895684741397,0.0
34,0.325288325548172,0.8758059043094673,0.87529726592012,0.3470318975723607,218159.99999999997,218159.99999999997,1531.895684741397,0.0
35,0.3311801254749298,0.8730912792670512,0.8724647905734693,0.35944528947457655,218160.0,218160.0,1531.895684741397,0.0
36,0.32996904850006104,0.8751272480488632,0.8744042765761857,0.3723210181972018,218159.99999999997,218159.99999999997,1531.916873703584,0.0
37,0.33251380920410156,0.8727519511367492,0.8720836281439279,0.3686672650820802,218160.0,218160.0,1531.916873703584,0.0
38,0.3325165808200836,0.8744485917882593,0.8739074784873639,0.369643695595734,218160.0,218160.0,1531.9169162090247,0.0
39,0.3285597562789917,0.8778418730912793,0.8770842683165849,0.40220843707905496,218159.99999999997,218159.99999999997,1531.9169162090247,0.0
40,0.3283627927303314,0.8771632168306752,0.8767271944988512,0.4049833246686125,218159.99999999997,218159.99999999997,1531.9169162090247,0.0
41,0.3247098922729492,0.8788598574821853,0.8786280562775777,0.4016142619836577,218160.0,218160.0,1531.9169162090247,0.0
42,0.31978273391723633,0.8808958262639973,0.8806850840918419,0.4067707371140979,218160.0,218160.0,1531.9169162090247,0.0
43,0.32494938373565674,0.8771632168306752,0.8770890282964937,0.4056427459008546,218159.99999999997,218159.99999999997,1531.9169162090247,0.0
44,0.31734317541122437,0.8788598574821853,0.8788479357672836,0.4118536184090914,218160.0,218160.0,1531.9308367408528,0.0
45,0.3218323290348053,0.8781812012215813,0.8779857811881524,0.4109285088566105,218160.0,218160.0,1531.9308367408528,0.0
46,0.3206562101840973,0.8815744825246012,0.8813227273169915,0.4133268091766826,218159.99999999997,218159.99999999997,1531.9308367408528,0.0
47,0.3223007321357727,0.8805564981336953,0.8803007994180893,0.4136554170744463,218159.99999999997,218159.99999999997,1531.9308367408528,0.0
48,0.3223128020763397,0.8805564981336953,0.8802929005891845,0.41049171567482057,218159.99999999997,218159.99999999997,1531.9308367408528,0.0
49,0.3182443082332611,0.8819138106549033,0.8817393708091552,0.41506058292238446,218159.99999999997,218159.99999999997,1531.9308367408528,0.0
50,0.32266026735305786,0.8846284356973193,0.8841216744088748,0.7233569492323484,218160.0,218160.0,1531.9308367408528,0.0
51,0.3143574893474579,0.8853070919579233,0.8854936641041639,0.7241889792570481,218160.0,218160.0,1531.9308367408528,0.0
52,0.31770849227905273,0.8863250763488293,0.8860848787579129,0.6914358252539858,218160.00000000003,218160.00000000003,1531.9308367408528,0.0
53,0.3166893422603607,0.8859857482185273,0.88608121996092,0.40761492210840633,218159.99999999997,218159.99999999997,1531.930836740853,0.0
54,0.31480085849761963,0.8890397013912453,0.8890887909246251,0.41216362920367805,218160.0,218160.0,1531.963438413867,0.0
55,0.317522257566452,0.8859857482185273,0.8859456781814962,0.4198528842775554,218159.99999999997,218159.99999999997,1531.9634384138667,0.0
56,0.32031381130218506,0.8876823888700374,0.8876411959648706,0.3826886008172352,218159.99999999997,218159.99999999997,1531.963438413867,0.0
57,0.31818053126335144,0.8842891075670173,0.884381660009165,0.35084476042234863,218159.99999999997,218159.99999999997,1531.9634384138672,0.0
58,0.32086649537086487,0.8887003732609433,0.8885119024243714,0.3552595163585052,218159.99999999997,218159.99999999997,1531.963438413867,0.0
59,0.3158921003341675,0.8897183576518494,0.8898056944829741,0.347921828191091,218159.99999999997,218159.99999999997,1531.9637359519518,0.0
60,0.323352575302124,0.8897183576518494,0.8893051684450644,0.3372998924133437,218159.99999999997,218159.99999999997,1531.9637359519518,0.0
61,0.31498751044273376,0.8910756701730573,0.8910529482228139,0.32971986401846415,218160.0,218160.0,1531.9673276616907,0.0
62,0.3191763758659363,0.8880217170003394,0.887853031131546,0.3298537621560372,218159.99999999997,218159.99999999997,1531.967327661691,0.0
63,0.3200572729110718,0.8870037326094333,0.886652556951522,0.3399654727700745,218159.99999999997,218159.99999999997,1532.0086642027684,0.0
64,0.31770628690719604,0.8890397013912453,0.8887870541346347,0.3383936482492806,218160.0,218160.0,1532.008664202768,0.0
65,0.3166747987270355,0.8890397013912453,0.8888013120347362,0.3376140403475154,218159.99999999997,218159.99999999997,1532.008664202768,0.0
66,0.30898869037628174,0.8920936545639634,0.8920669377280661,0.33401259578869835,218160.0,218160.0,1532.0086642027682,0.0
67,0.3119710385799408,0.8924329826942654,0.8922414561132069,0.338106665213038,218160.0,218160.0,1532.0312770972182,0.0
68,0.3099711239337921,0.8893790295215473,0.8895023443064582,0.3412851015099763,218160.0,218160.0,1532.0312770972187,0.0
69,0.3151158094406128,0.8920936545639634,0.8916463337656805,0.3360042569751449,218159.99999999994,218159.99999999994,1532.0312770972184,0.0
70,0.30878162384033203,0.8941296233457754,0.8941747477845865,0.3407153024442567,218160.0,218160.0,1532.0312770972184,0.0
71,0.3158896565437317,0.8934509670851714,0.8931141588318285,0.3356645342055809,218160.0,218160.0,1532.0312770972184,0.0
72,0.30956795811653137,0.8951476077366813,0.8951508133295495,0.3321240463246458,218159.99999999997,218159.99999999997,1532.0312770972184,0.0
73,0.3136667311191559,0.8934509670851714,0.8932183969315487,0.33167768594878805,218159.99999999997,218159.99999999997,1532.0726136382955,0.0
74,0.3103499710559845,0.8961655921275874,0.8960746538771103,0.3338569104671479,218160.0,218160.0,1532.072613638296,0.0
75,0.3126172423362732,0.8954869358669834,0.8953515463261666,0.3334603229531526,218160.0,218160.0,1532.0726136382955,0.0
76,0.311165452003479,0.8948082796063793,0.8948108983097126,0.3322603726218393,218160.0,218160.0,1532.0835375365548,0.0
77,0.31319162249565125,0.8965049202578894,0.8963112573865478,0.3376513351812975,218160.0,218160.0,1532.0835375365548,0.0
78,0.3162305951118469,0.8951476077366813,0.8949748800128955,0.33399953685854933,218159.99999999997,218159.99999999997,1532.0835375365546,0.0
79,0.3128170967102051,0.8954869358669834,0.8954003134512728,0.33066155105602235,218160.0,218160.0,1532.0835375365546,0.0
80,0.30820587277412415,0.8965049202578894,0.896483152797437,0.32977736920475054,218160.0,218160.0,1532.0835375365548,0.0
81,0.3154037892818451,0.8958262639972854,0.8952570523066093,0.32623591921793876,218159.99999999997,218159.99999999997,1532.0835375365546,0.0
82,0.31293386220932007,0.8961655921275874,0.8959820805905828,0.3302549849526797,218160.0,218160.0,1532.0835375365548,0.0
83,0.31346023082733154,0.8982015609093994,0.8978607149129619,0.3389763006447967,218159.99999999997,218159.99999999997,1532.0835375365546,0.0
84,0.31071946024894714,0.8965049202578894,0.8964472395855866,0.33012043901185084,218159.99999999997,218159.99999999997,1532.083537536555,0.0
85,0.32092392444610596,0.8961655921275874,0.8956077671301034,0.32926587408592967,218159.99999999994,218159.99999999994,1532.083537536555,0.0
86,0.31226471066474915,0.8975229046487954,0.8975660675500654,0.3350955838736823,218160.0,218160.0,1532.0835375365548,0.0
87,0.3156934380531311,0.8985408890397014,0.8980280919489977,0.3280514948580807,218159.99999999997,218159.99999999997,1532.0835375365548,0.0
88,0.3164231777191162,0.8982015609093994,0.8977540903801998,0.33587482844006117,218159.99999999997,218159.99999999997,1532.0835375365548,0.0
89,0.32010746002197266,0.8975229046487954,0.8970360395255007,0.34009446477734356,218160.0,218160.0,1532.0835375365548,0.0
90,0.3203981816768646,0.8982015609093994,0.8976104258854299,0.3303579571003234,218160.0,218160.0,1532.0835375365548,0.0
91,0.3129333555698395,0.8995588734306074,0.8994316473442298,0.33894507076198055,218159.99999999997,218159.99999999997,1532.0835375365546,0.0
92,0.3103215992450714,0.9005768578215134,0.9004705008955616,0.34010338076310265,218159.99999999997,218159.99999999997,1532.0835375365548,0.0
93,0.31218135356903076,0.9002375296912114,0.900032500679442,0.3409946554049574,218159.99999999997,218159.99999999997,1532.083537536555,0.0
94,0.3128749132156372,0.9036308109942314,0.903197377306113,0.3300755828846007,218160.0,218160.0,1532.083537536555,0.0
95,0.31951430439949036,0.8992195453003053,0.8986771589238987,0.33239281154820394,218159.99999999997,218159.99999999997,1532.0835375365546,0.0
96,0.314271479845047,0.9026128266033254,0.9023992702523707,0.33190374943844253,218159.99999999997,218159.99999999997,1532.0835375365546,0.0
97,0.31990209221839905,0.9022734984730234,0.9015473782408399,0.3333511107699526,218160.0,218160.0,1532.0835375365548,0.0
98,0.31229111552238464,0.9046487953851374,0.9043502230669261,0.3296154802979271,218159.99999999997,218159.99999999997,1532.0835375365548,0.0
99,0.31473609805107117,0.9036308109942314,0.9032334750060699,0.326058493929148,218159.99999999997,218159.99999999997,1532.0974580683828,0.0
100,0.3197740614414215,0.9049881235154394,0.9042372385866054,0.3248241227586329,218159.99999999997,218159.99999999997,1532.0974580683828,0.0
101,0.31625232100486755,0.9070240922972514,0.9062259554895556,0.33615692924623003,218160.0,218160.0,1532.0974580683826,0.0
102,0.31763583421707153,0.9077027485578555,0.9068823738768437,0.33003421252648124,218159.99999999997,218159.99999999997,1532.097458068383,0.0
103,0.31949594616889954,0.9060061079063454,0.9052584884224997,0.32903938357018025,218159.99999999997,218159.99999999997,1532.0974580683828,0.0
104,0.3157372772693634,0.9104173736002714,0.9096003875252734,0.332850420792811,218160.0,218160.0,1532.0974580683828,0.0
105,0.31677722930908203,0.9046487953851374,0.904042582129914,0.32707043123452784,218160.0,218160.0,1532.108381966642,0.0
106,0.3174179494380951,0.9093993892093655,0.9085704682291209,0.3267362700842151,218159.99999999997,218159.99999999997,1532.1083819666417,0.0
107,0.3195246756076813,0.9077027485578555,0.906816930317317,0.330060359929669,218160.0,218160.0,1532.108381966642,0.0
108,0.3157813549041748,0.9121140142517815,0.9114199078255126,0.32606140583332005,218159.99999999997,218159.99999999997,1532.108381966642,0.0
109,0.3202321529388428,0.9083814048184594,0.9076274856012094,0.3307446016969567,218160.0,218160.0,1532.1083819666417,0.0
110,0.318391352891922,0.9104173736002714,0.9097625277168523,0.3322169863425349,218160.0,218160.0,1532.1083819666417,0.0
111,0.322013258934021,0.9080420766881574,0.9070961541824619,0.3331166274269983,218159.99999999997,218159.99999999997,1532.108381966642,0.0
112,0.3202665150165558,0.9110960298608755,0.9101598794624733,0.3310632405070926,218160.0,218160.0,1532.1083819666417,0.0
113,0.3178173899650574,0.9114353579911775,0.9106167602416866,0.334550646592795,218160.0,218160.0,1532.1083819666417,0.0
114,0.3180941343307495,0.9121140142517815,0.9114554762325152,0.3310249903451112,218160.0,218160.0,1532.108381966642,0.0
115,0.3257645070552826,0.9087207329487614,0.9076352073181517,0.33262743294174185,218159.99999999997,218159.99999999997,1532.108381966642,0.0
116,0.322022020816803,0.9117746861214795,0.9108312347495228,0.32994907348537345,218160.0,218160.0,1532.1083819666417,0.0
117,0.3214689791202545,0.9117746861214795,0.910962612065977,0.33378133352874284,218159.99999999997,218159.99999999997,1532.108381966642,0.0
118,0.32485440373420715,0.9110960298608755,0.910157978006518,0.3344772065360345,218159.99999999997,218159.99999999997,1532.1083819666417,0.0
119,0.31855836510658264,0.9127926705123854,0.9122230409152757,0.33427572791931803,218160.0,218160.0,1532.1181157125613,0.0
120,0.3222945034503937,0.9134713267729895,0.9127360031349638,0.3338389197877234,218160.0,218160.0,1532.1507173855753,0.0
121,0.327604740858078,0.9100780454699695,0.9090465788753644,0.32713944439789416,218159.99999999997,218159.99999999997,1532.1507173855755,0.0
122,0.3279880881309509,0.9083814048184594,0.9078032952829779,0.3308374172844747,218159.99999999997,218159.99999999997,1532.1507173855755,0.0
123,0.3222190737724304,0.9121140142517815,0.91157335487466,0.3395125389553128,218160.0,218160.0,1532.1507173855753,0.0
124,0.3379709720611572,0.9073634204275535,0.9061178210532069,0.3481553047733286,218160.0,218160.0,1532.1507173855753,0.0
125,0.3262085020542145,0.9121140142517815,0.911285561972827,0.33085918481643106,218159.99999999997,218159.99999999997,1532.1507173855753,0.0
126,0.326204776763916,0.9127926705123854,0.9119730230862775,0.3257974496474074,218159.99999999994,218159.99999999994,1532.1507598910164,0.0
127,0.3274250626564026,0.9138106549032915,0.9129994093839796,0.3363558344210582,218160.0,218160.0,1532.1507598910162,0.0
128,0.3252866268157959,0.9148286392941974,0.9139378437728581,0.3259091472599789,218160.0,218160.0,1532.1507598910162,0.0
129,0.32742875814437866,0.9131319986426875,0.9122047057074595,0.3295751066799392,218159.99999999997,218159.99999999997,1532.1507598910162,0.0
130,0.32581430673599243,0.9131319986426875,0.9123927496600526,0.32878237443857533,218159.99999999997,218159.99999999997,1532.1507598910162,0.0
131,0.3343799412250519,0.9110960298608755,0.9100373194827864,0.34489189190496167,218159.99999999997,218159.99999999997,1532.1507598910164,0.0
132,0.3303530514240265,0.9124533423820834,0.9116857590181383,0.33198993165812113,218159.99999999997,218159.99999999997,1532.1507598910162,0.0
133,0.3313150405883789,0.9141499830335935,0.9132871144160644,0.3278747457479886,218160.0,218160.0,1532.1507598910162,0.0
134,0.3306531310081482,0.9155072955548015,0.914675981732164,0.321958934618677,218159.99999999997,218159.99999999997,1532.1507598910162,0.0
135,0.328978955745697,0.9138106549032915,0.9130680177094653,0.33199943036197704,218159.99999999997,218159.99999999997,1532.1507598910162,0.0
136,0.33608248829841614,0.9117746861214795,0.9107250727606321,0.3365072901152942,218160.0,218160.0,1532.1507598910162,0.0
137,0.3313828110694885,0.9131319986426875,0.9124264658881174,0.336132558956499,218160.0,218160.0,1532.1507598910164,0.0
138,0.3305583596229553,0.9134713267729895,0.9127539941469546,0.33344276474790807,218160.0,218160.0,1532.1507598910162,0.0
139,0.33654332160949707,0.9134713267729895,0.9126512336164104,0.3271796725066105,218160.0,218160.0,1532.1507598910162,0.0
140,0.33148276805877686,0.9144893111638955,0.9138571195961651,0.32515971523114723,218159.99999999997,218159.99999999997,1532.1507598910162,0.0
141,0.33401575684547424,0.9141499830335935,0.9135347535033687,0.33290129825391757,218159.99999999997,218159.99999999997,1532.150759891016,0.0
142,0.33398327231407166,0.9141499830335935,0.9133897585533665,0.328601841276696,218159.99999999997,218159.99999999997,1532.1507598910164,0.0
143,0.33632293343544006,0.9144893111638955,0.9137039045379998,0.330778667502616,218159.99999999997,218159.99999999997,1532.1507598910162,0.0
144,0.3305017054080963,0.9138106549032915,0.9132213825136346,0.3256731170824485,218159.99999999997,218159.99999999997,1532.1507598910162,0.0
145,0.3359234929084778,0.9144893111638955,0.9135791408482261,0.33124528411812315,218160.0,218160.0,1532.1507598910162,0.0
146,0.3285984694957733,0.9155072955548015,0.9149130638415467,0.32990651307739033,218159.99999999997,218159.99999999997,1532.1507598910162,0.0
147,0.33203646540641785,0.9148286392941974,0.9141575400494895,0.32949274071412193,218160.0,218160.0,1532.1507598910162,0.0
148,0.3369861841201782,0.9134713267729895,0.9127881004304118,0.3277721530854118,218159.99999999997,218159.99999999997,1532.1507598910164,0.0
149,0.33438992500305176,0.9141499830335935,0.9134857576347373,0.32573275026481224,218160.0,218160.0,1532.1507598910162,0.0
150,0.34101900458335876,0.9155072955548015,0.9146337394452219,0.3286330851040156,218160.0,218160.0,1532.1507598910162,0.0
151,0.34148046374320984,0.9134713267729895,0.9126728413526679,0.3367529387248354,218159.99999999997,218159.99999999997,1532.1507598910162,0.0
152,0.3412260413169861,0.9148286392941974,0.9141319170220209,0.32852183439656363,218160.0,218160.0,1532.150759891016,0.0
153,0.3369678854942322,0.9151679674244995,0.9144076478526307,0.3262566606938774,218160.0,218160.0,1532.1507598910162,0.0
154,0.34547728300094604,0.9124533423820834,0.911573896006849,0.32900432546717295,218159.99999999997,218159.99999999997,1532.150759891016,0.0
155,0.3390056788921356,0.9151679674244995,0.9142604313382926,0.332112186881222,218160.0,218160.0,1532.150759891016,0.0
156,0.3342837691307068,0.9172039362063115,0.9167589419874932,0.3295203984367446,218159.99999999994,218159.99999999994,1532.1507598910162,0.0
157,0.3459526598453522,0.9138106549032915,0.9127728988816853,0.3318125519646135,218159.99999999997,218159.99999999997,1532.1507598910162,0.0
158,0.3364397883415222,0.9175432643366135,0.9170497112451247,0.3270830662517734,218160.0,218160.0,1532.1507598910162,0.0
159,0.3424505591392517,0.9148286392941974,0.9138721805628667,0.3301287911856654,218160.0,218160.0,1532.150759891016,0.0
160,0.33920586109161377,0.9155072955548015,0.9149025017831879,0.3266611384294757,218159.99999999997,218159.99999999997,1532.1507598910162,0.0
161,0.34373271465301514,0.9158466236851035,0.9149487333868627,0.3247293344778906,218160.0,218160.0,1532.1507598910162,0.0
162,0.33825722336769104,0.9168646080760094,0.9163127835625992,0.3263887451704231,218160.0,218160.0,1532.150759891016,0.0
163,0.3431820273399353,0.9148286392941974,0.9140521005793253,0.32327737311414073,218159.99999999997,218159.99999999997,1532.1507598910164,0.0
164,0.34057778120040894,0.9148286392941974,0.9140569877691779,0.3228606000558855,218159.99999999997,218159.99999999997,1532.1507598910162,0.0
165,0.3463025391101837,0.9151679674244995,0.91426326748054,0.3235905094880923,218159.99999999997,218159.99999999997,1532.1507598910162,0.0
166,0.34161001443862915,0.9165252799457075,0.91595397033405,0.32700060993854574,218160.0,218160.0,1532.1507598910162,0.0
167,0.33859291672706604,0.9185612487275195,0.9181238763001491,0.32987395386182183,218159.99999999997,218159.99999999997,1532.1507598910162,0.0
168,0.34522855281829834,0.9148286392941974,0.9140859348170927,0.32518786123839244,218160.0,218160.0,1532.1507598910162,0.0
169,0.34953558444976807,0.9148286392941974,0.9138986359426816,0.3278664270085531,218159.99999999997,218159.99999999997,1532.1507598910162,0.0
170,0.3373245298862457,0.9185612487275195,0.9182032142158768,0.322453184472853,218160.0,218160.0,1532.1507598910164,0.0
171,0.34722933173179626,0.9165252799457075,0.9157071194050298,0.3283621808584938,218160.0,218160.0,1532.1507598910164,0.0
172,0.34379512071609497,0.9144893111638955,0.9138302385026207,0.3289968691790584,218159.99999999997,218159.99999999997,1532.1507598910162,0.0
173,0.3474607765674591,0.9185612487275195,0.91790861723877,0.33215752363983253,218159.99999999994,218159.99999999994,1532.1507598910164,0.0
174,0.35700684785842896,0.9090600610790635,0.9082966426170311,0.3247838181821514,218160.0,218160.0,1532.1507598910162,0.0
175,0.34894612431526184,0.9144893111638955,0.9137349723903097,0.329702176550916,218160.0,218160.0,1532.1507598910162,0.0
176,0.35345908999443054,0.9141499830335935,0.9132409110634259,0.328884500349437,218160.0,218160.0,1532.150759891016,0.0
177,0.3498477041721344,0.9138106549032915,0.9131885306289815,0.3262369733251088,218160.0,218160.0,1532.1507598910162,0.0
178,0.3459823429584503,0.9158466236851035,0.9152807966566688,0.32947723864211875,218159.99999999997,218159.99999999997,1532.1507598910162,0.0
179,0.3407011032104492,0.9178825924669155,0.9174350632593753,0.32598149698628953,218160.0,218160.0,1532.1507598910162,0.0
180,0.34741881489753723,0.9172039362063115,0.9164221187766328,0.3264155705683379,218160.0,218160.0,1532.1507598910162,0.0
181,0.3438366651535034,0.9165252799457075,0.9160368703219501,0.31962021063279533,218159.99999999997,218159.99999999997,1532.1507598910162,0.0
182,0.3496982455253601,0.9155072955548015,0.9146574835901862,0.32886177560839486,218159.99999999997,218159.99999999997,1532.1507598910164,0.0
183,0.3451540768146515,0.9185612487275195,0.9181657453557374,0.32894501900776685,218159.99999999997,218159.99999999997,1532.1507598910164,0.0
184,0.3539782762527466,0.9155072955548015,0.9147206264226264,0.33367045860944294,218159.99999999997,218159.99999999997,1532.1507598910162,0.0
185,0.3449890613555908,0.9185612487275195,0.9181366875409376,0.3319890747197435,218159.99999999994,218159.99999999994,1532.150759891016,0.0
186,0.34905436635017395,0.9168646080760094,0.916315255456815,0.33297285158693857,218159.99999999997,218159.99999999997,1532.1507598910162,0.0
187,0.34804362058639526,0.9165252799457075,0.9159692921112232,0.3357738296666525,218159.99999999994,218159.99999999994,1532.1507598910162,0.0
188,0.35631075501441956,0.9165252799457075,0.9157339143504214,0.3251753459168726,218160.0,218160.0,1532.1507598910162,0.0
189,0.353555828332901,0.9178825924669155,0.917177100185045,0.32293396319087364,218160.0,218160.0,1532.150759891016,0.0
190,0.3483777940273285,0.9168646080760094,0.9164598179557475,0.3267710351256473,218160.0,218160.0,1532.1507598910164,0.0
191,0.35735997557640076,0.9168646080760094,0.9158822263320228,0.32857952316385886,218159.99999999997,218159.99999999997,1532.1507598910162,0.0
192,0.35726025700569153,0.9161859518154055,0.9154504604264766,0.3289607453268423,218160.0,218160.0,1532.1507598910162,0.0
193,0.352859765291214,0.9182219205972175,0.9177027556439667,0.3313132408069968,218160.0,218160.0,1531.842093881767,0.0
194,0.35352668166160583,0.9161859518154055,0.9153011091464551,0.33131231100048153,218159.99999999997,218159.99999999997,1531.2687549943892,0.0
195,0.3531898856163025,0.9165252799457075,0.9160550650139246,0.32555792231813996,218159.99999999997,218159.99999999997,1531.3373800283937,0.0
196,0.3572637736797333,0.9158466236851035,0.9150683774177978,0.3311020856453623,218159.99999999997,218159.99999999997,1531.6170233227353,0.0
197,0.35743194818496704,0.9178825924669155,0.9171548621547907,0.3271753799020271,218159.99999999997,218159.99999999997,1531.6170233227353,0.0
198,0.353543221950531,0.9178825924669155,0.9174156418458052,0.3313211476322876,218159.99999999997,218159.99999999997,1531.6496249957493,0.0
199,0.3595668375492096,0.9168646080760094,0.9161307326915845,0.32943866029787117,218160.0,218160.0,1531.6608464320934,0.0
200,0.35696300864219666,0.9189005768578216,0.9182725230058942,0.3297395939666117,218159.99999999997,218159.99999999997,1531.6608464320932,0.0
201,0.3604618310928345,0.9178825924669155,0.9170066551939295,0.3308401303659715,218160.0,218160.0,1531.661143970178,0.0
202,0.3509671688079834,0.9172039362063115,0.9167261844064627,0.3224594731520257,218159.99999999997,218159.99999999997,1531.6611439701783,0.0
203,0.3558575212955475,0.9185612487275195,0.9181626141619237,0.3271644829536288,218159.99999999997,218159.99999999997,1531.661143970178,0.0
204,0.3609178364276886,0.9165252799457075,0.9156379914615629,0.3248042705852916,218159.99999999997,218159.99999999997,1531.661143970178,0.0
205,0.3553929924964905,0.9185612487275195,0.9181557532549496,0.33024628799291117,218160.0,218160.0,1531.6611439701783,0.0
206,0.3554143011569977,0.9195792331184255,0.9190838194542718,0.3231619728143379,218159.99999999997,218159.99999999997,1531.6611439701783,0.0
207,0.35347431898117065,0.9158466236851035,0.9152791776354289,0.3276400545995046,218159.99999999997,218159.99999999997,1531.6611439701783,0.0
208,0.3538919985294342,0.9158466236851035,0.9152944657719441,0.3259332035065216,218159.99999999997,218159.99999999997,1531.6611439701778,0.0
209,0.35577327013015747,0.9195792331184255,0.9191427522021166,0.3240306451349186,218160.0,218160.0,1531.661143970178,0.0
210,0.360037624835968,0.9175432643366135,0.9167868888574455,0.32608535126970434,218159.99999999997,218159.99999999997,1531.6611439701783,0.0
211,0.3502099812030792,0.9212758737699356,0.9210858312829348,0.32514379771022983,218160.0,218160.0,1531.661143970178,0.0
212,0.36691197752952576,0.9168646080760094,0.9159858266645854,0.3326860011207655,218160.0,218160.0,1531.6611439701783,0.0
213,0.35297587513923645,0.9199185612487275,0.9196168032331663,0.33174350912864115,218160.0,218160.0,1531.6611439701783,0.0
214,0.3621056377887726,0.9161859518154055,0.9152417557363949,0.33089038713453117,218159.99999999997,218159.99999999997,1531.661143970178,0.0
215,0.35602492094039917,0.9209365456396336,0.9205776182672337,0.32771164221006066,218160.0,218160.0,1531.661143970178,0.0
216,0.35816943645477295,0.9192399049881235,0.918467604220895,0.32350922071894833,218160.0,218160.0,1531.6611439701778,0.0
217,0.36094099283218384,0.9189005768578216,0.9181721185804462,0.3273792379374602,218159.99999999997,218159.99999999997,1531.661143970178,0.0
218,0.3576086759567261,0.9199185612487275,0.9195406684530779,0.32837100494024674,218159.99999999997,218159.99999999997,1531.6611439701783,0.0
219,0.36787548661231995,0.9185612487275195,0.9179037741620276,0.32583777588651286,218159.99999999997,218159.99999999997,1531.661143970178,0.0
220,0.35951530933380127,0.9189005768578216,0.9181351198989938,0.3266604968201738,218159.99999999997,218159.99999999997,1531.6611439701783,0.0
221,0.3564704656600952,0.9199185612487275,0.9194489127250282,0.3245057267450015,218160.0,218160.0,1531.6611439701783,0.0
222,0.3563076853752136,0.9202578893790295,0.9197502158775496,0.3241654274188655,218159.99999999997,218159.99999999997,1531.6611439701783,0.0
223,0.3633892834186554,0.9189005768578216,0.9181952385621632,0.32907948776739077,218159.99999999997,218159.99999999997,1531.661143970178,0.0
224,0.36010706424713135,0.9205972175093315,0.9200430359872696,0.3274292993856851,218159.99999999997,218159.99999999997,1531.6611439701783,0.0
225,0.359406054019928,0.9199185612487275,0.9195555571650654,0.3257189207224903,218160.0,218160.0,1531.6611439701783,0.0
226,0.360420286655426,0.9195792331184255,0.9189686561418949,0.33081995523144553,218160.0,218160.0,1531.6611439701783,0.0
227,0.36257094144821167,0.9233118425517476,0.9228572819111716,0.33252200202142834,218159.99999999997,218159.99999999997,1531.6611439701783,0.0
228,0.3599579632282257,0.9205972175093315,0.9201616012482636,0.32464282663784294,218159.99999999997,218159.99999999997,1531.661143970178,0.0
229,0.36099427938461304,0.9175432643366135,0.917086105508251,0.3269632645802607,218160.0,218160.0,1531.661143970178,0.0
230,0.36239296197891235,0.9202578893790295,0.9196740219120283,0.32631514364928493,218160.0,218160.0,1531.6611439701785,0.0
231,0.3727338910102844,0.9117746861214795,0.9111121456199908,0.3237521507016204,218160.0,218160.0,1531.6611439701783,0.0
232,0.3618149757385254,0.9182219205972175,0.9182342306061022,0.32876169337800853,218159.99999999997,218159.99999999997,1531.661143970178,0.0
233,0.3772749602794647,0.9138106549032915,0.9127846808110244,0.3298700982714893,218160.0,218160.0,1531.6611439701778,0.0
234,0.36191946268081665,0.9195792331184255,0.919094843918534,0.3282099221230072,218159.99999999997,218159.99999999997,1531.661143970178,0.0
235,0.360187292098999,0.9182219205972175,0.9180988314549087,0.3250028558472684,218160.0,218160.0,1531.6611439701783,0.0
236,0.36332541704177856,0.9172039362063115,0.9169914117568579,0.3232673972488357,218159.99999999994,218159.99999999994,1531.6611439701783,0.0
237,0.3662584125995636,0.9199185612487275,0.919183133020881,0.3291136703825879,218159.99999999997,218159.99999999997,1531.6611439701783,0.0
238,0.3550320863723755,0.9216152019002375,0.9212840324860712,0.33268530668449603,218159.99999999997,218159.99999999997,1531.6611439701783,0.0
239,0.3649537265300751,0.9165252799457075,0.9160271876819702,0.3248227882372282,218160.0,218160.0,1531.6708777160977,0.0
240,0.3596946597099304,0.9219545300305395,0.9215417231129869,0.32553214194725333,218159.99999999997,218159.99999999997,1531.670877716098,0.0
241,0.3630693554878235,0.9199185612487275,0.9192960249137221,0.33203136421521157,218160.0,218160.0,1531.6708777160977,0.0
242,0.3583841025829315,0.9239904988123515,0.9237895596661874,0.3266700071336396,218160.0,218160.0,1531.6708777160975,0.0
243,0.372121125459671,0.9131319986426875,0.9123534141505981,0.3298045736985834,218159.99999999997,218159.99999999997,1531.6708777160975,0.0
244,0.3555818200111389,0.9189005768578216,0.9191483988362782,0.33124484833617723,218160.0,218160.0,1531.6708777160977,0.0
245,0.36933836340904236,0.9168646080760094,0.9158681221915682,0.32337901326984786,218159.99999999997,218159.99999999997,1531.6708777160977,0.0
246,0.3646203279495239,0.9172039362063115,0.9173220941940001,0.3274240851467141,218159.99999999997,218159.99999999997,1531.6708777160977,0.0
247,0.36756256222724915,0.9141499830335935,0.9139460713402197,0.3266078505798834,218159.99999999997,218159.99999999997,1531.6708777160975,0.0
248,0.3685838282108307,0.9107567017305734,0.9103562485470453,0.33452847998860874,218159.99999999997,218159.99999999997,1531.6708777160977,0.0
249,0.3588772416114807,0.9222938581608415,0.9224158363620178,0.3246356710645657,218159.99999999997,218159.99999999997,1531.6708777160977,0.0
250,0.3823398947715759,0.9097387173396675,0.9089279048550785,0.3292810776807019,218159.99999999997,218159.99999999997,1531.6708777160977,0.0
251,0.3689722418785095,0.9172039362063115,0.9172192427167585,0.32198044699865014,218159.99999999997,218159.99999999997,1531.6708777160977,0.0
252,0.36623772978782654,0.9209365456396336,0.9201970147773174,0.3231396255477598,218160.0,218160.0,1531.6708777160977,0.0
253,0.36315253376960754,0.9189005768578216,0.9190719556401569,0.3273881639438044,218160.0,218160.0,1531.6708777160977,0.0
254,0.3781946003437042,0.9117746861214795,0.9113831214596452,0.3244583181899053,218160.0,218160.0,1531.6708777160977,0.0
255,0.3626759648323059,0.9192399049881235,0.9195038444206126,0.3282291694291918,218160.0,218160.0,1531.670877716098,0.0
256,0.382936954498291,0.9104173736002714,0.9099590378082497,0.3212908460992724,218160.0,218160.0,1531.6708777160975,0.0
257,0.3693118691444397,0.9189005768578216,0.9190841181721529,0.3278016941267206,218159.99999999997,218159.99999999997,1531.6708777160975,0.0
258,0.3700179159641266,0.9172039362063115,0.917047854903061,0.32408321639918136,218160.0,218160.0,1531.6708777160977,0.0
259,0.37514373660087585,0.9121140142517815,0.9117540560421463,0.32645843720410156,218159.99999999997,218159.99999999997,1531.6708777160977,0.0
260,0.3665253818035126,0.9175432643366135,0.9175293570153523,0.3258072246794343,218160.0,218160.0,1531.6708777160977,0.0
261,0.3705289363861084,0.9216152019002375,0.9209160227213621,0.3192864439173543,218160.0,218160.0,1531.6708777160977,0.0
262,0.3702844977378845,0.9161859518154055,0.9161725912906603,0.33040675180391593,218160.0,218160.0,1531.6708777160977,0.0
263,0.3663310408592224,0.9209365456396336,0.9210712941321427,0.3299537108434817,218159.99999999994,218159.99999999994,1531.6708777160977,0.0
264,0.3745214641094208,0.9144893111638955,0.9140957337569412,0.3286100233924272,218159.99999999997,218159.99999999997,1531.6708777160975,0.0
265,0.36703401803970337,0.9199185612487275,0.9202210405148664,0.32654709285439293,218159.99999999997,218159.99999999997,1531.6708777160977,0.0
266,0.38346153497695923,0.9134713267729895,0.9135254544818349,0.3346551144667886,218160.0,218160.0,1531.6708777160977,0.0
267,0.3758993446826935,0.9161859518154055,0.9162912366080791,0.3271589928080649,218160.0,218160.0,1531.6708777160977,0.0
268,0.36895182728767395,0.9189005768578216,0.9192155417215425,0.32560282024647125,218160.0,218160.0,1531.6708777160975,0.0
269,0.3665313124656677,0.9219545300305395,0.9221230202641876,0.33285331499070675,218159.99999999997,218159.99999999997,1531.6708777160977,0.0
270,0.37780648469924927,0.9168646080760094,0.9170475773019805,0.3273422800417953,218159.99999999997,218159.99999999997,1531.6708777160977,0.0
271,0.3664182424545288,0.9138106549032915,0.91406589763294,0.3213666101210265,218159.99999999997,218159.99999999997,1531.6708777160975,0.0
272,0.3677261173725128,0.9192399049881235,0.9196929739901718,0.32726062771026143,218160.0,218160.0,1531.6708777160977,0.0
273,0.3809360861778259,0.9168646080760094,0.9170750432593437,0.3261195604767452,218160.0,218160.0,1531.670877716098,0.0
274,0.3742330074310303,0.9185612487275195,0.9188750890195024,0.32873856638668675,218160.0,218160.0,1531.6708777160977,0.0
275,0.3735616207122803,0.9199185612487275,0.9202677991131781,0.3304901301082512,218160.0,218160.0,1531.6708777160977,0.0
276,0.3717760741710663,0.9185612487275195,0.9188279318363866,0.32777118031036867,218160.0,218160.0,1531.6708777160975,0.0
277,0.3669208586215973,0.9199185612487275,0.9202408704658825,0.3246743903780138,218160.0,218160.0,1531.670877716098,0.0
278,0.37271201610565186,0.9178825924669155,0.9180306017224885,0.3274999975314986,218159.99999999997,218159.99999999997,1531.6708777160977,0.0
279,0.3580959141254425,0.9233118425517476,0.9235533941796591,0.32562025979372056,218159.99999999997,218159.99999999997,1531.6708777160975,0.0
280,0.3749261796474457,0.9168646080760094,0.9169741014503776,0.32234420402784214,218160.0,218160.0,1531.6708777160977,0.0
281,0.36501938104629517,0.9195792331184255,0.9201399166856798,0.3207586918419411,218159.99999999997,218159.99999999997,1531.6708777160975,0.0
282,0.38255125284194946,0.9144893111638955,0.9146243996587636,0.32188716978321136,218159.99999999997,218159.99999999997,1531.6708777160973,0.0
283,0.36520808935165405,0.9209365456396336,0.9214392456664653,0.32975116861787535,218159.99999999997,218159.99999999997,1531.6708777160975,0.0
284,0.38105612993240356,0.9168646080760094,0.9170475773019805,0.3283366975379587,218159.99999999997,218159.99999999997,1531.6708777160977,0.0
285,0.3725576400756836,0.9199185612487275,0.920487697116974,0.32871391312082393,218160.0,218160.0,1531.6708777160977,0.0
286,0.3759568929672241,0.9138106549032915,0.9137664379867971,0.32836931029393446,218159.99999999997,218159.99999999997,1531.6708777160975,0.0
287,0.371676504611969,0.9205972175093315,0.9210240797827688,0.3250927306363061,218159.99999999997,218159.99999999997,1531.6708777160975,0.0
288,0.3750168979167938,0.9205972175093315,0.9210542980848025,0.3286603179408624,218160.0,218160.0,1531.6708777160975,0.0
289,0.3756175935268402,0.9202578893790295,0.9206649194555117,0.3299443611512376,218159.99999999997,218159.99999999997,1531.6708777160977,0.0
290,0.3718276917934418,0.9175432643366135,0.9176900486427745,0.3275782810655849,218160.0,218160.0,1531.703479389112,0.0
291,0.3771878778934479,0.9205972175093315,0.9210038051509604,0.32366895623772657,218160.0,218160.0,1531.7034793891119,0.0
292,0.373013436794281,0.9209365456396336,0.9212384392017894,0.3324510919515924,218160.0,218160.0,1531.7034793891116,0.0
293,0.36959370970726013,0.9189005768578216,0.9194976797989615,0.33745742551131136,218159.99999999997,218159.99999999997,1531.7034793891119,0.0
294,0.37644144892692566,0.9185612487275195,0.9187763211586404,0.33852309838213,218159.99999999997,218159.99999999997,1531.7034793891119,0.0
295,0.3715454339981079,0.9195792331184255,0.920002059931293,0.3352085687909215,218159.99999999997,218159.99999999997,1531.7034793891119,0.0
296,0.3883565366268158,0.9148286392941974,0.9147550884255836,0.32548488399279385,218159.99999999997,218159.99999999997,1531.7448159301891,0.0
297,0.37435704469680786,0.9195792331184255,0.9201271532511924,0.32481326157950735,218160.0,218160.0,1531.7448159301891,0.0
298,0.3771911561489105,0.9178825924669155,0.9179655740856424,0.33128298139675916,218159.99999999994,218159.99999999994,1531.744815930189,0.0
299,0.37190568447113037,0.9182219205972175,0.9188562588350568,0.33941209984292664,218160.0,218160.0,1531.7448159301891,0.0
300,0.3716244399547577,0.9168646080760094,0.9169409988870869,0.3236589370796029,218160.0,218160.0,1531.744815930189,0.0
301,0.3778212368488312,0.9205972175093315,0.9208614636793451,0.324679547055372,218159.99999999997,218159.99999999997,1531.744815930189,0.0
302,0.37951385974884033,0.9202578893790295,0.9205875042901005,0.32540447560825075,218159.99999999997,218159.99999999997,1531.7448159301891,0.0
303,0.37886491417884827,0.9168646080760094,0.9171244108429134,0.32935479066058004,218159.99999999997,218159.99999999997,1531.7448159301891,0.0
304,0.37586113810539246,0.9192399049881235,0.9198183741313037,0.3289391675049903,218159.99999999997,218159.99999999997,1531.7448159301891,0.0
305,0.3708813786506653,0.9189005768578216,0.9194398823819532,0.34117626203416607,218160.0,218160.0,1531.7448159301891,0.0
306,0.3815477788448334,0.9185612487275195,0.9186705911529218,0.33653599195693085,218159.99999999997,218159.99999999997,1531.7448159301894,0.0
307,0.38138899207115173,0.9192399049881235,0.919713492708115,0.3234234683142653,218159.99999999997,218159.99999999997,1531.744815930189,0.0
308,0.3880423903465271,0.9189005768578216,0.9190452485434432,0.32586105448377284,218159.99999999997,218159.99999999997,1531.744815930189,0.0
309,0.37802135944366455,0.9165252799457075,0.9170535226633683,0.32693609514226074,218160.0,218160.0,1531.7448159301891,0.0
310,0.37811219692230225,0.9195792331184255,0.9197300026681597,0.32171949977713904,218160.0,218160.0,1531.7448159301891,0.0
311,0.37127774953842163,0.9185612487275195,0.9192284235519748,0.32966017346906196,218160.0,218160.0,1531.7448159301891,0.0
312,0.3881216049194336,0.9161859518154055,0.9161024970408062,0.3304954235066008,218159.99999999997,218159.99999999997,1531.7448159301891,0.0
313,0.377429336309433,0.9199185612487275,0.9204605990940267,0.3235283830609493,218160.0,218160.0,1531.7448159301891,0.0
314,0.374444842338562,0.9192399049881235,0.9194367879451601,0.3206413186867686,218160.0,218160.0,1531.7448159301891,0.0
315,0.38480526208877563,0.9192399049881235,0.9196615141613783,0.33055238407895665,218159.99999999997,218159.99999999997,1531.744815930189,0.0
316,0.3750380575656891,0.9199185612487275,0.9203406118515897,0.3336844734839438,218160.0,218160.0,1531.7448159301894,0.0
317,0.3740488588809967,0.9192399049881235,0.9198339990790178,0.3303530920576608,218159.99999999997,218159.99999999997,1531.7448159301891,0.0
318,0.38174986839294434,0.9199185612487275,0.9202290577556269,0.3299920268364907,218160.0,218160.0,1531.744815930189,0.0
319,0.37618204951286316,0.9185612487275195,0.9192550854180813,0.340639288945608,218160.0,218160.0,1531.7448159301891,0.0
320,0.37935441732406616,0.9202578893790295,0.9204378900274329,0.3244946760827751,218159.99999999997,218159.99999999997,1531.7448159301891,0.0
321,0.38204875588417053,0.9195792331184255,0.91999940652391,0.3197714501223704,218160.0,218160.0,1531.744815930189,0.0
322,0.38352805376052856,0.9195792331184255,0.919886160800708,0.32176876914514163,218160.0,218160.0,1531.7660048923763,0.0
323,0.3815740644931793,0.9182219205972175,0.9185851394037,0.3253922097960546,218159.99999999997,218159.99999999997,1531.766004892376,0.0
324,0.38539373874664307,0.9202578893790295,0.9207118509892607,0.33386857040688567,218159.99999999997,218159.99999999997,1531.7660048923763,0.0
325,0.3781450092792511,0.9202578893790295,0.9207226138389827,0.32914691706217414,218160.0,218160.0,1531.7660048923763,0.0
326,0.38788464665412903,0.9202578893790295,0.9206169278931293,0.3279745393271545,218159.99999999997,218159.99999999997,1531.7660048923763,0.0
327,0.38157662749290466,0.9195792331184255,0.9199599613261921,0.3330351950618985,218159.99999999997,218159.99999999997,1531.7660048923765,0.0
328,0.3838498890399933,0.9182219205972175,0.9185919587067952,0.33126389814927865,218159.99999999997,218159.99999999997,1531.7660048923763,0.0
329,0.38083145022392273,0.9195792331184255,0.9200214247133001,0.3289894778463864,218160.0,218160.0,1531.7660048923763,0.0
330,0.3825300335884094,0.9189005768578216,0.9192648120075315,0.32644104480873115,218159.99999999994,218159.99999999994,1531.766004892376,0.0
331,0.38165444135665894,0.9192399049881235,0.9198165149812009,0.3282085866287302,218160.0,218160.0,1531.7660048923763,0.0
332,0.3863113522529602,0.9192399049881235,0.9195034901393048,0.33148028661818185,218159.99999999997,218159.99999999997,1531.7660048923763,0.0
333,0.3785836100578308,0.9178825924669155,0.9185240443532093,0.32560617980163165,218159.99999999997,218159.99999999997,1531.766004892376,0.0
334,0.3878633379936218,0.9195792331184255,0.9199268105293933,0.3293727364581609,218159.99999999997,218159.99999999997,1531.7660048923763,0.0
335,0.37806078791618347,0.9168646080760094,0.9172880607027459,0.3267627562091192,218160.0,218160.0,1531.766004892376,0.0
336,0.38028040528297424,0.9189005768578216,0.919458664042293,0.32924870956968827,218159.99999999997,218159.99999999997,1531.7660048923763,0.0
337,0.38471266627311707,0.9182219205972175,0.9187224451577811,0.3224610184624353,218159.99999999997,218159.99999999997,1531.7660048923763,0.0
338,0.38886508345603943,0.9199185612487275,0.9199602771140842,0.32660249880919395,218160.0,218160.0,1531.766004892376,0.0
339,0.38120847940444946,0.9189005768578216,0.9193917906780859,0.3276019929477517,218160.0,218160.0,1531.7660048923763,0.0
340,0.3882051110267639,0.9195792331184255,0.9196685193816954,0.3283635042242957,218159.99999999997,218159.99999999997,1531.766004892376,0.0
341,0.3806813359260559,0.9175432643366135,0.9181494211275507,0.32000029774563093,218159.99999999997,218159.99999999997,1531.7660048923763,0.0
342,0.3864850699901581,0.9202578893790295,0.9207595457094979,0.326846465387334,218159.99999999997,218159.99999999997,1531.7660048923763,0.0
343,0.39130955934524536,0.9182219205972175,0.9186824234230767,0.3259698391868708,218160.0,218160.0,1531.7660048923765,0.0
344,0.375755250453949,0.9185612487275195,0.9192019230620704,0.3326980021819715,218160.0,218160.0,1531.7660048923763,0.0
345,0.4027559757232666,0.9178825924669155,0.9180860479279175,0.32559929698932677,218159.99999999997,218159.99999999997,1531.7660048923763,0.0
346,0.3873380422592163,0.9199185612487275,0.9202118664248744,0.3289810779693985,218160.0,218160.0,1531.7660048923763,0.0
347,0.3884136378765106,0.9185612487275195,0.9190425591874303,0.3280827214331311,218159.99999999997,218159.99999999997,1531.7660048923763,0.0
348,0.3873475193977356,0.9185612487275195,0.9190219000607707,0.3327891319114573,218159.99999999997,218159.99999999997,1531.7660048923763,0.0
349,0.3884715139865875,0.9185612487275195,0.9188017203368474,0.32673684534362407,218160.0,218160.0,1531.7660048923763,0.0
350,0.3969709873199463,0.9189005768578216,0.9190355359580754,0.32832225177830265,218160.0,218160.0,1531.766004892376,0.0
351,0.38687875866889954,0.9168646080760094,0.9174806122409329,0.33152389263691656,218160.0,218160.0,1531.7660048923763,0.0
352,0.39804184436798096,0.9189005768578216,0.9190574132615824,0.3246232040299425,218159.99999999997,218159.99999999997,1531.7660048923763,0.0
353,0.3913542628288269,0.9189005768578216,0.9194411449007264,0.3334216596122924,218160.0,218160.0,1531.7660048923763,0.0
354,0.39182862639427185,0.9192399049881235,0.9193643902411783,0.331275434274798,218160.0,218160.0,1531.7660048923763,0.0
355,0.39243945479393005,0.9168646080760094,0.9175730610213962,0.32868104725589686,218160.0,218160.0,1531.7660048923763,0.0
356,0.3902433514595032,0.9192399049881235,0.919537727295884,0.32619505637488505,218159.99999999997,218159.99999999997,1531.7660048923763,0.0
357,0.39529380202293396,0.9182219205972175,0.9187303443221381,0.3192152132860854,218160.0,218160.0,1531.7660048923763,0.0
358,0.3944686949253082,0.9185612487275195,0.9188880052072501,0.3321151477857305,218159.99999999994,218159.99999999994,1531.7660048923763,0.0
359,0.38570550084114075,0.9199185612487275,0.9203325096467987,0.330897819262983,218159.99999999997,218159.99999999997,1531.766004892376,0.0
360,0.385439932346344,0.9195792331184255,0.9199451422598692,0.32815884110458,218160.0,218160.0,1531.7660048923765,0.0
361,0.3933034837245941,0.9189005768578216,0.9191341740418137,0.328496748299801,218159.99999999997,218159.99999999997,1531.766004892376,0.0
362,0.38189059495925903,0.9175432643366135,0.9183272672281534,0.32651050124516035,218160.0,218160.0,1531.7660048923765,0.0
363,0.40020379424095154,0.9189005768578216,0.9190176879644628,0.33007170122128965,218160.0,218160.0,1531.7660048923763,0.0
364,0.38570117950439453,0.9182219205972175,0.9186066047170361,0.32722786727226594,218159.99999999997,218159.99999999997,1531.766004892376,0.0
365,0.386719673871994,0.9182219205972175,0.9187259537648115,0.32234730775000875,218160.0,218160.0,1531.7660048923763,0.0
366,0.3906385600566864,0.9189005768578216,0.9192584001344163,0.32113913145885115,218159.99999999997,218159.99999999997,1531.766004892376,0.0
367,0.3937023878097534,0.9189005768578216,0.9191907183295358,0.3262186365949965,218160.0,218160.0,1531.7660048923763,0.0
368,0.39173105359077454,0.9189005768578216,0.9191458595149129,0.32298145272137685,218160.0,218160.0,1531.7660048923763,0.0
369,0.39599576592445374,0.9195792331184255,0.9198975589093904,0.32564403442615264,218160.0,218160.0,1531.7660048923763,0.0
370,0.40384942293167114,0.9189005768578216,0.9189883540528796,0.3252316272621964,218160.0,218160.0,1531.7660048923763,0.0
371,0.3896750509738922,0.9175432643366135,0.9182485173626099,0.32516133126937524,218159.99999999997,218159.99999999997,1531.7660048923763,0.0
372,0.3927115797996521,0.9178825924669155,0.9184345979766455,0.3345750923125606,218159.99999999997,218159.99999999997,1531.766004892376,0.0
373,0.3931252956390381,0.9189005768578216,0.919222599360686,0.3258626737649086,218159.99999999997,218159.99999999997,1531.7660048923763,0.0
374,0.3905025124549866,0.9192399049881235,0.9196667597334665,0.3232906466599258,218160.0,218160.0,1531.7660048923763,0.0
375,0.3977852165699005,0.9192399049881235,0.9194023380263538,0.32403808764067515,218160.0,218160.0,1531.7660048923765,0.0
376,0.3924578130245209,0.9182219205972175,0.9185899961859891,0.32530845690344307,218159.99999999997,218159.99999999997,1531.7660048923763,0.0
377,0.3899311423301697,0.9175432643366135,0.9179849849597032,0.32416554487698485,218159.99999999997,218159.99999999997,1531.7660048923763,0.0
378,0.40013745427131653,0.9172039362063115,0.917686671705444,0.32362450965729844,218159.99999999997,218159.99999999997,1531.766004892376,0.0
379,0.39857354760169983,0.9185612487275195,0.9189896022423409,0.32647540811874914,218159.99999999997,218159.99999999997,1531.7660048923763,0.0
380,0.3960736393928528,0.9178825924669155,0.9183607167699782,0.3272120880613649,218160.0,218160.0,1531.7660048923763,0.0
381,0.4012126624584198,0.9182219205972175,0.9185448403754448,0.3203493137484147,218160.0,218160.0,1531.7660048923763,0.0
382,0.39577147364616394,0.9168646080760094,0.9173311885671785,0.33074056268776075,218159.99999999997,218159.99999999997,1531.766004892376,0.0
383,0.4027778208255768,0.9202578893790295,0.9204451594445783,0.32471691722190166,218159.99999999997,218159.99999999997,1531.766004892376,0.0
384,0.3965754210948944,0.9182219205972175,0.9187329507221419,0.32421751902464035,218160.0,218160.0,1531.7660048923765,0.0
385,0.400214284658432,0.9182219205972175,0.9184318488088726,0.3337031553567299,218160.0,218160.0,1531.766004892376,0.0
386,0.39971408247947693,0.9185612487275195,0.9190111156345846,0.3310853288274855,218159.99999999997,218159.99999999997,1530.5140772706404,0.0
387,0.40328335762023926,0.9182219205972175,0.918496168152203,0.33518689364940746,218160.0,218160.0,1531.4082854792912,0.0
388,0.3916418254375458,0.9172039362063115,0.9177004939010003,0.331373626473679,218159.99999999997,218159.99999999997,1531.562388954536,0.0
389,0.39631566405296326,0.9182219205972175,0.9185323813845855,0.32721485899633634,218160.0,218160.0,1531.5763094863644,0.0
390,0.39281928539276123,0.9168646080760094,0.9175804615446863,0.32576122409760366,218160.0,218160.0,1531.5763094863642,0.0
391,0.3933027684688568,0.9185612487275195,0.9188538631237556,0.3235953652884677,218159.99999999997,218159.99999999997,1531.5763094863642,0.0
392,0.3982614278793335,0.9168646080760094,0.9175473161932662,0.32480401514144663,218160.0,218160.0,1531.5763094863642,0.0
393,0.4025268852710724,0.9195792331184255,0.9197782006050819,0.3305595934520738,218160.0,218160.0,1531.5763094863642,0.0
394,0.39026525616645813,0.9185612487275195,0.918954175650891,0.32963993042804735,218159.99999999997,218159.99999999997,1531.5763094863642,0.0
395,0.4029332995414734,0.9185612487275195,0.9188018775876182,0.3254391793911553,218160.0,218160.0,1531.5763094863642,0.0
396,0.3931807279586792,0.9182219205972175,0.9187610577063829,0.3238307598236466,218160.0,218160.0,1531.5974984485513,0.0
397,0.4039836823940277,0.9195792331184255,0.9198188701212989,0.3269204241796209,218159.99999999997,218159.99999999997,1531.5975409539922,0.0
398,0.3981833755970001,0.9182219205972175,0.9186369542223236,0.3273468786795848,218160.0,218160.0,1531.5975409539922,0.0
399,0.3921806514263153,0.9195792331184255,0.920164930277659,0.3267570984700819,218160.0,218160.0,1531.597540953992,0.0
400,0.39821380376815796,0.9199185612487275,0.9201353604114957,0.32820135809002815,218159.99999999997,218159.99999999997,1531.597540953992,0.0
401,0.3886709213256836,0.9205972175093315,0.9210494062857942,0.31977165286896403,218159.99999999997,218159.99999999997,1531.597540953992,0.0
402,0.39888495206832886,0.9185612487275195,0.9188639945543433,0.3256043562173065,218160.0,218160.0,1531.5975409539922,0.0
403,0.3953689932823181,0.9178825924669155,0.9182652819461312,0.32572418902073386,218160.0,218160.0,1531.597540953992,0.0
404,0.396470844745636,0.9178825924669155,0.9184631989635814,0.32863463034956697,218160.0,218160.0,1531.597540953992,0.0
405,0.3911536633968353,0.9185612487275195,0.9190288321486597,0.3308497345940462,218160.0,218160.0,1531.6114614858202,0.0
406,0.4045327603816986,0.9199185612487275,0.9200407252882421,0.32491478213677594,218159.99999999997,218159.99999999997,1531.61146148582,0.0
407,0.3982837498188019,0.9185612487275195,0.9190330795519043,0.32889394074581135,218159.99999999997,218159.99999999997,1531.61146148582,0.0
408,0.4057675302028656,0.9185612487275195,0.9187291566331227,0.32648628440982497,218159.99999999997,218159.99999999997,1531.61146148582,0.0
409,0.3952089846134186,0.9182219205972175,0.9186131890693342,0.33157724518251885,218160.0,218160.0,1531.6114614858204,0.0
410,0.4191834628582001,0.9185612487275195,0.9187362909032758,0.32133943698611167,218159.99999999997,218159.99999999997,1531.61146148582,0.0
411,0.3936747908592224,0.9185612487275195,0.9191121066733714,0.3271350744823896,218159.99999999997,218159.99999999997,1531.6114614858202,0.0
412,0.40113136172294617,0.9189005768578216,0.9190693243912956,0.3263704271518886,218159.99999999997,218159.99999999997,1531.6114614858202,0.0
413,0.40460431575775146,0.9195792331184255,0.9199144682078151,0.32952909205631803,218160.0,218160.0,1531.6114614858202,0.0
414,0.4097769260406494,0.9182219205972175,0.9183552147360636,0.32544989879035324,218159.99999999997,218159.99999999997,1531.61146148582,0.0
415,0.4012635052204132,0.9178825924669155,0.9182451942813789,0.3282003970543111,218160.0,218160.0,1531.6114614858202,0.0
416,0.4101986587047577,0.9199185612487275,0.9201882767930419,0.32449364847016154,218160.0,218160.0,1531.61146148582,0.0
417,0.40107202529907227,0.9178825924669155,0.9184281764758137,0.32886118948524484,218160.0,218160.0,1531.6114614858202,0.0
418,0.40466463565826416,0.9189005768578216,0.9192014880347706,0.3264579731439999,218159.99999999994,218159.99999999994,1531.6114614858204,0.0
419,0.40290701389312744,0.9195792331184255,0.9198745613093845,0.3270761061609764,218160.0,218160.0,1531.61146148582,0.0
420,0.40081968903541565,0.9189005768578216,0.9193313549204104,0.3306323999095145,218160.0,218160.0,1531.6114614858202,0.0
421,0.39813733100891113,0.9192399049881235,0.9196671347360144,0.33174615534137974,218159.99999999997,218159.99999999997,1531.61146148582,0.0
422,0.4145023226737976,0.9195792331184255,0.919730673283238,0.32212113597966385,218159.99999999997,218159.99999999997,1531.6211952317399,0.0
423,0.4006153345108032,0.9182219205972175,0.9186077637620033,0.3307174164984249,218160.0,218160.0,1531.6214927698245,0.0
424,0.41541588306427,0.9199185612487275,0.9202100919455922,0.32327366433024274,218160.0,218160.0,1531.6214927698245,0.0
425,0.4092932343482971,0.9205972175093315,0.921140909137919,0.3274114833368441,218159.99999999997,218159.99999999997,1531.6214927698247,0.0
426,0.4013989269733429,0.9195792331184255,0.9199921684813184,0.3280371218044169,218159.99999999997,218159.99999999997,1531.6214927698245,0.0
427,0.4016354978084564,0.9185612487275195,0.9190010541674076,0.32374958261052983,218159.99999999997,218159.99999999997,1531.6214927698245,0.0
428,0.40345126390457153,0.9175432643366135,0.918295147479521,0.32408125181322645,218160.0,218160.0,1531.6214927698245,0.0
429,0.39899563789367676,0.9175432643366135,0.9180949153830057,0.3331350034287237,218159.99999999997,218159.99999999997,1531.6214927698247,0.0
430,0.426019549369812,0.9165252799457075,0.9166924536793012,0.3277077918408096,218159.99999999997,218159.99999999997,1531.6214927698245,0.0
431,0.3933106064796448,0.9161859518154055,0.9169703349151974,0.3260805878273421,218159.99999999997,218159.99999999997,1531.6214927698245,0.0
432,0.4050489664077759,0.9168646080760094,0.9169832758396438,0.32423607439159435,218160.0,218160.0,1531.6214927698245,0.0
433,0.40329229831695557,0.9178825924669155,0.9186606908657078,0.3241358293672381,218160.0,218160.0,1531.6214927698245,0.0
434,0.41644999384880066,0.9199185612487275,0.9199552327784544,0.32507858786152294,218159.99999999997,218159.99999999997,1531.6214927698247,0.0
435,0.40282589197158813,0.9178825924669155,0.91858916530296,0.3334572307757377,218160.0,218160.0,1531.6214927698245,0.0
436,0.41106024384498596,0.9195792331184255,0.9197476978534814,0.3290452029357408,218160.0,218160.0,1531.6214927698245,0.0
437,0.3919762372970581,0.9158466236851035,0.9164245240469807,0.3268506782812445,218160.0,218160.0,1531.6214927698247,0.0
438,0.4247216284275055,0.9165252799457075,0.9167393093543905,0.32845477109635096,218159.99999999997,218159.99999999997,1531.6214927698247,0.0
439,0.405963659286499,0.9168646080760094,0.9175278932120334,0.3228910290701993,218159.99999999997,218159.99999999997,1531.621492769825,0.0
440,0.40933340787887573,0.9192399049881235,0.9196620048184625,0.3281279174171152,218159.99999999997,218159.99999999997,1531.6214927698245,0.0
441,0.40865546464920044,0.9178825924669155,0.9185237378648594,0.32750056591594306,218160.0,218160.0,1531.6214927698245,0.0
442,0.4015289545059204,0.9185612487275195,0.9187594646685036,0.32466298085561385,218160.0,218160.0,1531.6214927698247,0.0
443,0.40588194131851196,0.9189005768578216,0.919371704102101,0.3306905098332414,218160.0,218160.0,1531.6214927698243,0.0
444,0.40242114663124084,0.9178825924669155,0.9184066811843787,0.3316973085566885,218159.99999999997,218159.99999999997,1531.6214927698245,0.0
445,0.41869914531707764,0.9182219205972175,0.9184322286680024,0.3267810574942497,218160.0,218160.0,1531.6214927698245,0.0
446,0.4079010784626007,0.9175432643366135,0.9178889562653693,0.3222081645658408,218159.99999999997,218159.99999999997,1531.6214927698247,0.0
447,0.4021713435649872,0.9189005768578216,0.919438359893291,0.33256342566052244,218160.0,218160.0,1531.6214927698245,0.0
448,0.43308761715888977,0.9175432643366135,0.9175923201120079,0.3273880617273515,218159.99999999997,218159.99999999997,1531.6214927698243,0.0
449,0.4022233486175537,0.9155072955548015,0.9163027836537418,0.3297758375469826,218159.99999999997,218159.99999999997,1531.6214927698245,0.0
450,0.43693283200263977,0.9158466236851035,0.9159547224386344,0.327550589357289,218159.99999999997,218159.99999999997,1531.6214927698243,0.0
451,0.40220388770103455,0.9161859518154055,0.9168801774851599,0.32704949469768707,218160.0,218160.0,1531.6214927698245,0.0
452,0.43324682116508484,0.9178825924669155,0.9179507678468549,0.32606402062228246,218160.0,218160.0,1531.6214927698245,0.0
453,0.4099592864513397,0.9195792331184255,0.9200833747547938,0.3289726323349821,218160.0,218160.0,1531.6214927698247,0.0
454,0.41076743602752686,0.9165252799457075,0.9170538888469335,0.32892593696016226,218160.0,218160.0,1531.6214927698243,0.0
455,0.4204922318458557,0.9192399049881235,0.9195760835471127,0.3258658614783863,218159.99999999997,218159.99999999997,1531.6214927698245,0.0
456,0.4060543179512024,0.9148286392941974,0.9154497111298733,0.32131154373109794,218160.0,218160.0,1531.6214927698245,0.0
457,0.4191977381706238,0.9185612487275195,0.9187096040672387,0.3304636751476906,218159.99999999997,218159.99999999997,1531.6214927698245,0.0
458,0.42043325304985046,0.9195792331184255,0.9198912230328807,0.3258256881748113,218160.0,218160.0,1531.6214927698245,0.0
459,0.41965553164482117,0.9189005768578216,0.919013135967864,0.3266428367227673,218159.99999999997,218159.99999999997,1531.6214927698245,0.0
460,0.41538679599761963,0.9185612487275195,0.9191904579674706,0.3258550369765475,218159.99999999997,218159.99999999997,1531.6214927698247,0.0
461,0.4169458746910095,0.9199185612487275,0.9200811023291471,0.3261893387393412,218160.0,218160.0,1531.6214927698245,0.0
462,0.40418800711631775,0.9189005768578216,0.9193981549064164,0.3197989601305442,218160.0,218160.0,1531.6214927698245,0.0
463,0.42404329776763916,0.9178825924669155,0.9181739027834572,0.33048719978436286,218159.99999999997,218159.99999999997,1531.6214927698243,0.0
464,0.4090059697628021,0.9182219205972175,0.9186709866973546,0.3295645735533634,218160.0,218160.0,1531.6214927698245,0.0
465,0.42537200450897217,0.9195792331184255,0.9196784942096435,0.3255568108763607,218159.99999999997,218159.99999999997,1531.6214927698247,0.0
466,0.40766268968582153,0.9155072955548015,0.9163136198391365,0.32612625662727895,218160.0,218160.0,1531.6214927698245,0.0
467,0.4256454110145569,0.9185612487275195,0.9188373239628257,0.32857469055027383,218160.0,218160.0,1531.6214927698243,0.0
468,0.40753915905952454,0.9165252799457075,0.9173152477444713,0.31862446837637964,218160.0,218160.0,1531.6214927698245,0.0
469,0.4207170307636261,0.9199185612487275,0.9199766017935048,0.33189661611151255,218160.0,218160.0,1531.6214927698243,0.0
470,0.4119662642478943,0.9134713267729895,0.9143224532814864,0.3306650050446569,218160.0,218160.0,1531.6214927698245,0.0
471,0.4283004105091095,0.9189005768578216,0.919085126256923,0.3303834116238375,218159.99999999997,218159.99999999997,1531.6214927698245,0.0
472,0.4108067452907562,0.9144893111638955,0.9149689965206012,0.3354973616939893,218159.99999999997,218159.99999999997,1531.6214927698247,0.0
473,0.41389888525009155,0.9182219205972175,0.9184233294035312,0.3297748557566559,218159.99999999997,218159.99999999997,1531.6214927698243,0.0
474,0.41251203417778015,0.9158466236851035,0.9163486362856239,0.33069210865162924,218160.0,218160.0,1531.6214927698245,0.0
475,0.4164148271083832,0.9199185612487275,0.9200029922182815,0.32580753226923603,218159.99999999997,218159.99999999997,1531.6214927698245,0.0
476,0.40971872210502625,0.9182219205972175,0.9186084122486825,0.32553803823458616,218160.0,218160.0,1531.6214927698245,0.0
477,0.41390177607536316,0.9168646080760094,0.9175062198497942,0.32577032194563044,218160.0,218160.0,1531.6214927698245,0.0
478,0.41619357466697693,0.9189005768578216,0.9191498969544099,0.3307823247567095,218160.0,218160.0,1531.6214927698243,0.0
479,0.4166605472564697,0.9185612487275195,0.9189666268613644,0.3266346519478517,218159.99999999997,218159.99999999997,1531.6214927698247,0.0
480,0.41157934069633484,0.9175432643366135,0.9178681448232799,0.3314158809133142,218159.99999999997,218159.99999999997,1531.6214927698245,0.0
481,0.4086391031742096,0.9175432643366135,0.9181526401591352,0.32668159997761576,218159.99999999997,218159.99999999997,1531.6214927698245,0.0
482,0.4157889187335968,0.9195792331184255,0.9198370398010371,0.3246301779030975,218160.0,218160.0,1531.6214927698247,0.0
483,0.4125528335571289,0.9168646080760094,0.9173535190983454,0.32719582770023825,218160.0,218160.0,1531.6214927698247,0.0
484,0.40986862778663635,0.9168646080760094,0.9172552558846838,0.32560531764217243,218159.99999999997,218159.99999999997,1531.6214927698245,0.0
485,0.41563257575035095,0.9199185612487275,0.9201045427530545,0.3287534776981819,218159.99999999997,218159.99999999997,1531.6540944428386,0.0
486,0.4084046185016632,0.9178825924669155,0.9185365399374135,0.3281328790660003,218160.0,218160.0,1531.6540944428384,0.0
487,0.41274166107177734,0.9202578893790295,0.9204633231025764,0.3252022828059565,218159.99999999997,218159.99999999997,1531.6540944428386,0.0
488,0.41801702976226807,0.9185612487275195,0.9189799709594152,0.3264506414159727,218160.0,218160.0,1531.6540944428384,0.0
489,0.407637357711792,0.9189005768578216,0.9192673792430973,0.3271778212602821,218160.0,218160.0,1531.6540944428386,0.0
490,0.4283994734287262,0.9172039362063115,0.9176024259969614,0.3235840646304814,218160.0,218160.0,1531.6540944428386,0.0
491,0.4190967082977295,0.9192399049881235,0.9194750771820243,0.32528908302656845,218159.99999999997,218159.99999999997,1531.6540944428386,0.0
492,0.4113435745239258,0.9172039362063115,0.9178094181126425,0.3321952602225107,218160.0,218160.0,1531.6540944428386,0.0
493,0.41886821389198303,0.9202578893790295,0.9204337648484233,0.3275521299654823,218159.99999999997,218159.99999999997,1531.6541369482793,0.0
494,0.41004231572151184,0.9107567017305734,0.9118895625354208,0.3273934296152926,218160.0,218160.0,1531.6541369482795,0.0
495,0.440696120262146,0.9192399049881235,0.9192076663604136,0.3323037881521717,218160.0,218160.0,1531.6541369482795,0.0
496,0.4073173999786377,0.9124533423820834,0.9134530317457199,0.3305079084420749,218160.0,218160.0,1531.6541369482795,0.0
497,0.43349698185920715,0.9182219205972175,0.9182534947037797,0.32199592909434155,218159.99999999997,218159.99999999997,1531.6541369482793,0.0
498,0.40873396396636963,0.9141499830335935,0.9150166520569882,0.32709021663639826,218160.0,218160.0,1531.6541369482793,0.0
499,0.4102109968662262,0.9182219205972175,0.9185868652260986,0.3224672261986302,218160.0,218160.0,1531.6638706941987,0.0
500,0.42874351143836975,0.9192399049881235,0.919569036574908,0.3284668567650206,218159.99999999997,218159.99999999997,1531.663870694199,0.0
