round,loss,accuracy,f1,fit_wall_s,comm_bytes_down,comm_bytes_up,memory_usage_mb
1,0.4076289236545563,0.8590353260869565,0.8574957722413838,2.218409771725973,109080.0,109080.0,863.4209696341131
2,0.32332664728164673,0.8899456521739131,0.8901924449128793,0.3872916594034179,109080.0,109080.0,1250.6626842610854
3,0.29389938712120056,0.8970788043478262,0.8973092291378725,0.38429128377818955,109080.0,109080.0,1250.8548407321136
4,0.2592445909976959,0.9093070652173914,0.9092471753946583,0.3874110042140844,109080.0,109080.0,1251.2478316912063
5,0.2603437304496765,0.9096467391304349,0.9096098412145982,0.3754857215904697,109080.00000000001,109080.00000000001,1251.3583697463278
6,0.26929381489753723,0.9140625,0.9141873560284238,0.3755892300826292,109080.0,109080.0,1251.4052319946952
7,0.25981736183166504,0.912024456521739,0.912569103703468,0.3904833375629326,109080.0,109080.0,1251.498977744151
8,0.2657918930053711,0.9144021739130435,0.914685222533621,0.39039422148459624,109080.0,109080.0,1251.514598493607
9,0.259760320186615,0.9157608695652174,0.9161547709190192,0.39034363059924915,109080.00000000001,109080.00000000001,1251.6083442430631
10,0.2719528377056122,0.9184782608695651,0.9185431940469929,0.38955226848641733,109080.0,109080.0,1251.6708697463273
11,0.2772481441497803,0.916100543478261,0.9166887645510898,0.38450133612417947,109080.0,109080.0,1251.6864904957833
12,0.2828137278556824,0.9225543478260869,0.922938850768753,0.3750637310503357,109080.0,109080.0,1251.7021112452394
13,0.28718385100364685,0.9235733695652174,0.9239986052642881,0.38741482653218334,109080.0,109080.0,1251.7490159990477
14,0.30401480197906494,0.9242527173913043,0.924828699465346,0.3900661519743802,109080.0,109080.0,1251.7646367485038
15,0.3026156723499298,0.9215353260869565,0.9219066923967503,0.393204731216109,109080.00000000001,109080.00000000001,1251.7646367485038
16,0.305862158536911,0.9245923913043478,0.9247671857251968,0.39325160482113974,109080.0,109080.0,1251.7802574979596
17,0.30905577540397644,0.9262907608695651,0.9266545918672255,0.37957983541021667,109080.0,109080.0,1251.7802574979596
18,0.3102225363254547,0.9286684782608695,0.9292579304789716,0.3882127325734583,109080.0,109080.0,1251.8114989968715
19,0.3392067849636078,0.9269701086956522,0.9275886724845598,0.3802713981390778,109080.0,109080.0,1251.8583824979598
20,0.34446850419044495,0.9283288043478262,0.9287073818537275,0.3862748766101094,109080.0,109080.0,1251.8583824979594
21,0.3633923828601837,0.9300271739130435,0.9303296011089395,0.39659203386280817,109080.00000000001,109080.00000000001,1251.8583824979596
22,0.3718458414077759,0.9252717391304349,0.92554062215018,0.3916201413131772,109080.0,109080.0,1251.8583824979598
23,0.3898337781429291,0.9293478260869565,0.9295592024090231,0.38604643081555035,109080.0,109080.0,1251.8583824979596
24,0.3928721249103546,0.927649456521739,0.928455371977114,0.3791687904296684,109080.0,109080.0,1251.8583824979596
25,0.40307852625846863,0.9303668478260869,0.9310507343722478,0.37794474367218517,109080.0,109080.0,1251.8583824979598
26,0.3980947434902191,0.9313858695652174,0.9318507268732165,0.3852702005968,109080.0,109080.0,1251.8583824979596
27,0.4107608497142792,0.9320652173913043,0.93273183720583,0.3921266871710207,109080.00000000001,109080.00000000001,1251.8583824979598
28,0.4347456395626068,0.9235733695652174,0.9241572125722749,0.38527269637104733,109080.0,109080.0,1251.8583824979596
29,0.4291510283946991,0.9307065217391305,0.9310314762368558,0.3858356139540542,109080.0,109080.0,1251.8583824979596
30,0.4277893602848053,0.9296875,0.9302261598314239,0.3938448214751462,109080.0,109080.0,1251.8740032474154
31,0.4371134340763092,0.923913043478261,0.9245527776295761,0.3965535110047125,109080.0,109080.0,1251.8740032474154
32,0.46474385261535645,0.927649456521739,0.9285203270458293,0.39717925065100773,109080.00000000001,109080.00000000001,1251.8740032474154
33,0.494174063205719,0.927649456521739,0.928192412925512,0.3989282448870313,109080.0,109080.0,1251.889645249592
34,0.4795355796813965,0.9300271739130435,0.930862375628571,0.3976649024216732,109080.0,109080.0,1251.9052872517682
35,0.47693321108818054,0.9300271739130435,0.93098935278911,0.4058553947133779,109080.0,109080.0,1251.9052872517682
36,0.493825227022171,0.9252717391304349,0.9260690621796664,0.40386543861540664,109080.0,109080.0,1251.9052872517682
37,0.47947368025779724,0.9245923913043478,0.9255314083760457,0.4067680113852608,109080.0,109080.0,1251.9052872517682
38,0.4799049198627472,0.9296875,0.930346405695592,0.41548958109434336,109080.0,109080.0,1251.905287251768
39,0.47551003098487854,0.9296875,0.9303887570978071,0.41198759132811763,109080.0,109080.0,1251.9052872517682
40,0.49876636266708374,0.9269701086956522,0.9278544551407153,0.42263163669973247,109080.0,109080.0,1251.9052872517682
41,0.49388542771339417,0.9256114130434783,0.9262882389168963,0.43047586809823507,109080.00000000001,109080.00000000001,1251.9052872517682
42,0.5073859691619873,0.9293478260869565,0.9298250426771475,0.44543541080933524,109080.0,109080.0,1251.9052872517682
43,0.5013708472251892,0.9252717391304349,0.9257960586464495,0.45662745515591946,109080.0,109080.0,1251.9052872517682
44,0.5028090476989746,0.9228940217391305,0.9236562415794397,0.47711133833678687,109080.0,109080.0,1251.9052872517682
45,0.5174948573112488,0.9177989130434783,0.9182089010317217,0.48198569894355836,109080.0,109080.0,1251.920908001224
46,0.4919995963573456,0.9259510869565217,0.9267945817453754,0.4817610437838894,109080.0,109080.0,1251.93652875068
47,0.5088433623313904,0.9235733695652174,0.9242873962023096,0.478999226831378,109080.0,109080.0,1251.9365287506798
48,0.5011571049690247,0.9242527173913043,0.9249958647161147,0.48807163544655885,109080.00000000001,109080.00000000001,1251.93652875068
49,0.5186781287193298,0.9262907608695651,0.9270365390021448,0.4875342375046541,109080.00000000001,109080.00000000001,1251.9365287506798
50,0.5219078063964844,0.9273097826086957,0.9281296364778028,0.48762366918277433,109080.0,109080.0,1251.93652875068
51,0.5169738531112671,0.927649456521739,0.9286207082242184,0.4765353091263797,109080.00000000001,109080.00000000001,1251.93652875068
52,0.5202393531799316,0.9307065217391305,0.9316712194551243,0.49223365779799916,109080.00000000001,109080.00000000001,1251.93652875068
53,0.5405246615409851,0.9310461956521738,0.9321176588621257,0.4948855272704032,109080.0,109080.0,1251.9521495001359
54,0.5380719900131226,0.9262907608695651,0.927481437546754,0.7689404117594085,109080.0,109080.0,1251.952149500136
55,0.5207986831665039,0.9283288043478262,0.9290437841718894,0.8170180995588853,109080.00000000001,109080.00000000001,1251.9521495001359
56,0.5307673215866089,0.9307065217391305,0.9315354662036605,1.5530532251504354,109080.0,109080.0,1251.9521495001359
57,0.5601089596748352,0.9225543478260869,0.9232105811219774,2.2742762463785486,109080.0,109080.0,1251.967770249592
58,0.5626219511032104,0.9225543478260869,0.9233787744982153,2.2853463113761956,109080.0,109080.0,1251.983390999048
59,0.5516443252563477,0.923913043478261,0.9246271724842297,2.2798261726771654,109080.00000000001,109080.00000000001,1251.983390999048
60,0.5727306604385376,0.9232336956521738,0.923795751617291,1.6717479482568776,109080.0,109080.0,1251.999011748504
61,0.5626804828643799,0.919836956521739,0.9205120987844596,0.4879245261567462,109080.00000000001,109080.00000000001,1252.0146324979596
62,0.5846357941627502,0.9194972826086957,0.9201593725568147,0.4841090812711643,109080.0,109080.0,1252.0146324979596
63,0.586732804775238,0.921875,0.9223973152912321,0.41496415340602066,109080.00000000001,109080.00000000001,1252.0146324979598
64,0.5396023988723755,0.9330842391304349,0.9337969641624041,0.41554869246041803,109080.00000000001,109080.00000000001,1252.0146324979596
65,0.5763144493103027,0.9273097826086957,0.9281254626923578,0.4055753368418157,109080.0,109080.0,1252.0146324979596
66,0.587395966053009,0.9225543478260869,0.9230088083884723,0.40104606423336486,109080.0,109080.0,1252.0146324979596
67,0.6183888912200928,0.9259510869565217,0.9261710341843072,0.39447400752167183,109080.0,109080.0,1252.0146324979596
68,0.598988950252533,0.9290081521739131,0.9296661889445809,0.38685075055009266,109080.0,109080.0,1252.0146324979596
69,0.6036410331726074,0.9245923913043478,0.9253937402409168,0.3890954805082024,109080.00000000001,109080.00000000001,1252.0302745001359
70,0.5947043299674988,0.9300271739130435,0.9307971676466069,0.39869666602199044,109080.00000000001,109080.00000000001,1252.030274500136
71,0.6009637713432312,0.9313858695652174,0.9320355592583122,0.3838243011356826,109080.0,109080.0,1252.0302745001359
72,0.6130325198173523,0.9290081521739131,0.9297970547936829,0.38572667706129465,109080.0,109080.0,1252.0302745001359
73,0.6256160736083984,0.9290081521739131,0.9297621690140992,0.38177449354279674,109080.00000000001,109080.00000000001,1252.030274500136
74,0.6224144101142883,0.9320652173913043,0.9323060123339056,0.3928323325835841,109080.0,109080.0,1252.0302745001359
75,0.6218836307525635,0.9324048913043478,0.9329571185751552,0.37905579967519526,109080.00000000001,109080.00000000001,1252.0302745001359
76,0.6252349615097046,0.9344429347826086,0.934930131522859,0.39216693752608434,109080.0,109080.0,1252.0302745001359
77,0.6674758791923523,0.9310461956521738,0.9315051325003539,0.38097711924110844,109080.0,109080.0,1252.0302745001359
78,0.711858332157135,0.9266304347826086,0.9268249011674691,0.38463608354686785,109080.0,109080.0,1252.0302745001359
79,0.667804479598999,0.9303668478260869,0.930522385233671,0.3966414794179897,109080.0,109080.0,1252.0302745001359
80,0.7072972655296326,0.9286684782608695,0.9290430620237696,0.3930205463130793,109080.0,109080.0,1252.030274500136
81,0.7141912579536438,0.9307065217391305,0.9311060083825977,0.39033799063134633,109080.0,109080.0,1252.0302745001359
82,0.7164387106895447,0.9290081521739131,0.9294035531417483,0.39484101138255023,109080.0,109080.0,1252.0302745001359
83,0.7013067603111267,0.9283288043478262,0.9286806491202432,0.38209362692879645,109080.0,109080.0,1252.045895249592
84,0.7799038887023926,0.9279891304347826,0.9283230939774603,0.3893532691051184,109080.0,109080.0,1252.0458952495917
85,0.7818322777748108,0.927649456521739,0.9280133494924621,0.36901599908160443,109080.0,109080.0,1252.0458952495917
86,0.7573115229606628,0.9320652173913043,0.9325426207249131,0.3784375122309509,109080.0,109080.0,1252.045895249592
87,0.8151458501815796,0.9293478260869565,0.9297571519238566,0.3826821828109006,109080.0,109080.0,1252.045895249592
88,0.816342830657959,0.9313858695652174,0.9317184073576059,0.37893381384044267,109080.0,109080.0,1252.045895249592
89,0.8981849551200867,0.9256114130434783,0.9262295511688735,0.3856745021127902,109080.0,109080.0,1252.0458952495917
90,0.8483508229255676,0.9266304347826086,0.9270858240460126,0.3849709715949568,109080.00000000001,109080.00000000001,1252.0458952495917
91,0.8827617168426514,0.9273097826086957,0.9276810453205818,0.38898081540801965,109080.00000000001,109080.00000000001,1252.045895249592
92,0.8521989583969116,0.9269701086956522,0.9276199788548349,0.39676757119555467,109080.0,109080.0,1252.0458952495917
93,0.8505994081497192,0.931725543478261,0.9324646896027354,0.3887213556758727,109080.0,109080.0,1252.0458952495921
94,0.858640193939209,0.927649456521739,0.9281165823085972,0.3843707097562534,109080.0,109080.0,1252.045895249592
95,0.9053788185119629,0.9290081521739131,0.9294735722569071,0.39155099509330515,109080.0,109080.0,1252.061515999048
96,0.8968838453292847,0.9269701086956522,0.9275103406304038,0.3928071308771596,109080.0,109080.0,1252.0615159990477
97,0.8447238802909851,0.931725543478261,0.9324671345050289,0.3969147779671749,109080.0,109080.0,1252.061515999048
98,0.8217114210128784,0.9344429347826086,0.9351629742858837,0.3916887889684089,109080.00000000001,109080.00000000001,1252.061515999048
99,0.8595901727676392,0.9310461956521738,0.931809284407028,0.3823748141429888,109080.00000000001,109080.00000000001,1252.0615159990477
100,0.9032722115516663,0.9320652173913043,0.9325314734712705,0.3768462898357649,109080.00000000001,109080.00000000001,1252.0615159990477
101,0.9221151471138,0.9313858695652174,0.9320623003010257,0.39262909433268356,109080.00000000001,109080.00000000001,1252.061515999048
102,0.8860172629356384,0.9290081521739131,0.9291668815018668,0.38016631599349476,109080.0,109080.0,1252.061515999048
103,0.933871328830719,0.9273097826086957,0.9279996678616714,0.38669320629652226,109080.00000000001,109080.00000000001,1252.0615159990477
104,1.013457179069519,0.9266304347826086,0.9271352671142455,0.39113066330049445,109080.0,109080.0,1252.061515999048
105,0.920304536819458,0.9266304347826086,0.9266720351162593,0.3922630034152001,109080.0,109080.0,1252.061515999048
106,0.9751635193824768,0.9252717391304349,0.9257447352084965,0.3852269806786642,109080.00000000001,109080.00000000001,1252.0615159990477
107,0.9359002113342285,0.9273097826086957,0.9274717674118502,0.3826795269342968,109080.0,109080.0,1252.061515999048
108,0.9785969257354736,0.9269701086956522,0.9272935987240445,0.3888923259567514,109080.00000000001,109080.00000000001,1252.061515999048
109,0.9908955693244934,0.9259510869565217,0.9262116068583759,0.3876225653229133,109080.0,109080.0,1252.061515999048
110,1.03618586063385,0.9262907608695651,0.926778949996116,0.39229271156354617,109080.0,109080.0,1252.061515999048
111,1.0322754383087158,0.9242527173913043,0.9245639285113754,0.39424612722536945,109080.00000000001,109080.00000000001,1252.0615159990477
112,0.9886398315429688,0.927649456521739,0.9281996175549982,0.38237298076508225,109080.0,109080.0,1252.0615159990477
113,1.0302228927612305,0.9259510869565217,0.9263725192627651,0.3763123449744804,109080.0,109080.0,1252.061515999048
114,0.9967264533042908,0.9293478260869565,0.9297373868736201,0.38238445864797804,109080.0,109080.0,1252.0615159990477
115,0.97406405210495,0.9313858695652174,0.9317110776977907,0.3873639767979382,109080.0,109080.0,1252.0615159990477
116,0.9797360301017761,0.9300271739130435,0.9302437228650527,0.39055209852536177,109080.0,109080.0,1252.061515999048
117,0.977756917476654,0.9300271739130435,0.9303733417828111,0.38474890262180367,109080.0,109080.0,1252.0615159990477
118,1.0090572834014893,0.9293478260869565,0.9298003813351373,0.3700078650579359,109080.00000000001,109080.00000000001,1252.061515999048
119,1.027239203453064,0.9269701086956522,0.9275282215419978,0.39046922870896456,109080.00000000001,109080.00000000001,1252.0615159990477
120,0.983451783657074,0.9351222826086957,0.935652044743064,0.3928771516443985,109080.0,109080.0,1252.0771367485038
121,1.051659107208252,0.9307065217391305,0.9313198173907548,0.38736058902948023,109080.00000000001,109080.00000000001,1252.0771367485038
122,1.00815749168396,0.9330842391304349,0.9336250806145698,0.3766930602061217,109080.00000000001,109080.00000000001,1252.0771367485038
123,1.0020582675933838,0.9286684782608695,0.9287112568299486,0.37654975847917743,109080.0,109080.0,1252.0771367485038
124,1.0449668169021606,0.9293478260869565,0.9294824619377907,0.39033468863779885,109080.00000000001,109080.00000000001,1252.0771367485036
125,1.0027954578399658,0.9290081521739131,0.9291802058099632,0.37582224750155596,109080.0,109080.0,1252.0771367485038
126,1.0230941772460938,0.9290081521739131,0.9289691187892113,0.38146516054836266,109080.0,109080.0,1252.0771367485038
127,1.0276209115982056,0.9307065217391305,0.9311830653865832,0.3911436526054137,109080.00000000001,109080.00000000001,1252.0771367485038
128,1.020039677619934,0.9330842391304349,0.9337083119236157,0.3882932823163512,109080.0,109080.0,1252.0771367485038
129,1.0209490060806274,0.9327445652173914,0.932823498230845,0.3912622657188004,109080.0,109080.0,1252.0771367485038
130,1.0310238599777222,0.9320652173913043,0.9320790909994598,0.3896587607780141,109080.0,109080.0,1252.0771367485038
131,1.0723768472671509,0.9327445652173914,0.9330556165168681,0.39360745294958,109080.0,109080.0,1252.0771367485038
132,1.1118462085723877,0.9310461956521738,0.9314036500894024,0.3817982075328536,109080.0,109080.0,1252.0771367485038
133,1.0816314220428467,0.9313858695652174,0.9313997574461288,0.3840293542799156,109080.0,109080.0,1252.0771367485038
134,1.1235110759735107,0.9320652173913043,0.9321736920767824,0.37555853164753794,109080.0,109080.0,1252.0771367485038
135,1.1323658227920532,0.9334239130434783,0.9333342747532909,0.39035896410490667,109080.00000000001,109080.00000000001,1252.0771367485038
136,1.1407670974731445,0.9303668478260869,0.9302994193303661,0.37694958747406127,109080.0,109080.0,1252.0771367485038
137,1.2312631607055664,0.9300271739130435,0.9300352138697336,0.380706922403487,109080.00000000001,109080.00000000001,1252.0771367485038
138,1.2342644929885864,0.9286684782608695,0.9288944925409336,0.38099716524304705,109080.0,109080.0,1252.0771367485038
139,1.2012584209442139,0.9286684782608695,0.9286707633156661,0.3879688267349808,109080.0,109080.0,1252.0771367485038
140,1.229025959968567,0.9283288043478262,0.9283651739781789,0.3756195410551002,109080.00000000001,109080.00000000001,1252.0771367485036
141,1.2319395542144775,0.9303668478260869,0.9306981678550772,0.3854981994213814,109080.00000000001,109080.00000000001,1252.0771367485038
142,1.1797924041748047,0.9300271739130435,0.9302818135876699,0.3969741233739033,109080.0,109080.0,1252.0771367485038
143,1.2082350254058838,0.9290081521739131,0.9293124929919389,0.3818036236752623,109080.0,109080.0,1252.0771367485038
144,1.282507300376892,0.9286684782608695,0.9285439665227296,0.3904012648856938,109080.0,109080.0,1252.0771367485038
145,1.2710115909576416,0.9286684782608695,0.9284940076025848,0.3830432285097659,109080.00000000001,109080.00000000001,1252.0771367485038
146,1.188537836074829,0.9307065217391305,0.9306362929231544,0.3867925935069158,109080.0,109080.0,1252.0771367485038
147,1.264086365699768,0.9296875,0.9297234404799347,0.38877259575892587,109080.00000000001,109080.00000000001,1252.077136748504
148,1.24215567111969,0.9293478260869565,0.9293192859859624,0.38354183945873743,109080.00000000001,109080.00000000001,1252.0771367485038
149,1.2736635208129883,0.9296875,0.9295452450522809,0.3822925010365682,109080.00000000001,109080.00000000001,1252.0771367485038
150,1.261305570602417,0.9300271739130435,0.9300063472018003,0.3946280326365906,109080.0,109080.0,1252.0771367485038
151,1.2454417943954468,0.9320652173913043,0.9321978803938227,0.3898263887560017,109080.0,109080.0,1252.0771367485038
152,1.2025517225265503,0.9303668478260869,0.9304248900730682,0.3823089750728877,109080.0,109080.0,1252.0771367485038
153,1.2458300590515137,0.9324048913043478,0.9328041609454893,0.3833214055272519,109080.00000000001,109080.00000000001,1252.0771367485038
154,1.2294269800186157,0.9313858695652174,0.9315264174332342,0.38192616612270425,109080.0,109080.0,1252.0771367485036
155,1.2396080493927002,0.9327445652173914,0.9331211147429056,0.39286675329306964,109080.0,109080.0,1252.0771367485038
156,1.3097277879714966,0.9307065217391305,0.9311153140320075,0.3920834846997287,109080.0,109080.0,1252.077136748504
157,1.2312976121902466,0.9303668478260869,0.9303715243058179,0.3888240182231118,109080.00000000001,109080.00000000001,1252.0771367485038
158,1.2675552368164062,0.931725543478261,0.9318543758866711,0.38619704857484816,109080.0,109080.0,1252.0771367485038
159,1.2919608354568481,0.9310461956521738,0.9312796018545287,0.38362451804086356,109080.00000000001,109080.00000000001,1252.0771367485038
160,1.262193202972412,0.927649456521739,0.9276919212443655,0.39404806699016015,109080.0,109080.0,1252.0771367485038
161,1.2835291624069214,0.9320652173913043,0.9322575660433756,0.392249530754878,109080.0,109080.0,1252.0771367485038
162,1.3120155334472656,0.9303668478260869,0.9304870147757852,0.39258455847500456,109080.0,109080.0,1252.0771367485036
163,1.3178998231887817,0.9296875,0.9297389535723403,0.3979544227413825,109080.0,109080.0,1252.0771367485036
164,1.2825990915298462,0.9303668478260869,0.9302485661408068,0.39288378326106765,109080.00000000001,109080.00000000001,1252.0771367485038
165,1.245086908340454,0.9330842391304349,0.9330654110810621,0.3925689215304673,109080.0,109080.0,1252.0771367485036
166,1.2852288484573364,0.931725543478261,0.9316746909384414,0.3873791113836332,109080.0,109080.0,1252.0771367485038
167,1.2975131273269653,0.9313858695652174,0.9316750161755549,0.3868397014120327,109080.00000000001,109080.00000000001,1252.0771367485038
168,1.264906406402588,0.9313858695652174,0.931461818796212,0.3917132542104794,109080.0,109080.0,1252.0771367485036
169,1.3063511848449707,0.9300271739130435,0.9302709692361705,0.3933073570536321,109080.0,109080.0,1252.0771367485038
170,1.280027151107788,0.9293478260869565,0.9291785621456752,0.3779924396137677,109080.0,109080.0,1252.0771367485036
171,1.300204873085022,0.931725543478261,0.9319360984389475,0.38650686087105035,109080.0,109080.0,1252.0771367485038
172,1.3828260898590088,0.9313858695652174,0.9314646137737792,0.38624349249459966,109080.0,109080.0,1252.0771367485038
173,1.3439935445785522,0.9296875,0.9295656445825795,0.39581609615433844,109080.0,109080.0,1252.077136748504
174,1.4203194379806519,0.9296875,0.9298615923302543,0.38374482009304484,109080.0,109080.0,1252.0771367485038
175,1.3976069688796997,0.9296875,0.9300118035980115,0.3789845649578626,109080.0,109080.0,1252.0771367485038
176,1.429003357887268,0.9290081521739131,0.9288640351166252,0.3875591703999678,109080.0,109080.0,1252.0771367485036
177,1.427483320236206,0.9283288043478262,0.9281519377911303,0.3857907848402258,109080.0,109080.0,1252.077136748504
178,1.4727797508239746,0.9279891304347826,0.9280636346336989,0.3939404572249756,109080.0,109080.0,1252.0771367485038
179,1.430881381034851,0.9225543478260869,0.9223777098416669,0.382490844539771,109080.0,109080.0,1252.0771367485036
180,1.442570447921753,0.9242527173913043,0.9239621839516641,0.3914857816773996,109080.00000000001,109080.00000000001,1252.0771367485038
181,1.4541749954223633,0.927649456521739,0.9274170214463968,0.39154806259666874,109080.00000000001,109080.00000000001,1252.0771367485038
182,1.3931987285614014,0.9300271739130435,0.9298731975094296,0.379526106525168,109080.0,109080.0,1252.0771367485036
183,1.4276537895202637,0.9320652173913043,0.9320728637541803,0.3908543498523866,109080.0,109080.0,1252.0771367485038
184,1.4069032669067383,0.9337635869565217,0.9341614595257396,0.37527295282278794,109080.00000000001,109080.00000000001,1252.0927574979596
185,1.311467170715332,0.9330842391304349,0.9332043076103784,0.39053623477185506,109080.00000000001,109080.00000000001,1252.0927574979596
186,1.3224514722824097,0.9310461956521738,0.9310874713451401,0.3874254876238996,109080.0,109080.0,1252.0927574979596
187,1.3696682453155518,0.9310461956521738,0.9309505273615962,0.3916200298868662,109080.0,109080.0,1252.0927574979598
188,1.364881157875061,0.9330842391304349,0.9330001344563797,0.3886689328070693,109080.0,109080.0,1252.0927574979598
189,1.3697054386138916,0.9310461956521738,0.9309109687327373,0.3833255501903829,109080.0,109080.0,1252.0927574979596
190,1.3785679340362549,0.9293478260869565,0.9292619929996006,0.381472580840201,109080.00000000001,109080.00000000001,1252.0927574979596
191,1.3641310930252075,0.9337635869565217,0.9337106069200816,0.38271585194408175,109080.0,109080.0,1252.0927574979596
192,1.316081166267395,0.9337635869565217,0.9338017581976058,0.38894571060714056,109080.0,109080.0,1252.0927574979598
193,1.3519610166549683,0.9334239130434783,0.9333600739957263,0.3918286615798211,109080.0,109080.0,1252.0927574979596
194,1.3345228433609009,0.9344429347826086,0.9343704868088539,0.3786063789348477,109080.0,109080.0,1252.0927574979596
195,1.3546137809753418,0.9300271739130435,0.93004802955852,0.3892306764574643,109080.00000000001,109080.00000000001,1252.0927574979596
196,1.3320807218551636,0.9310461956521738,0.9309370072708457,0.38074594032388254,109080.0,109080.0,1252.0927574979596
197,1.377638339996338,0.9330842391304349,0.9328939521602889,0.37620678090037407,109080.0,109080.0,1252.0927574979596
198,1.3296072483062744,0.9320652173913043,0.9319952231480609,0.38617113096410477,109080.0,109080.0,1252.0927574979598
199,1.2941220998764038,0.9334239130434783,0.9333804781350432,0.38785049517084647,109080.0,109080.0,1252.0927574979596
200,1.3656047582626343,0.9293478260869565,0.9292890726830906,0.3878368794982918,109080.0,109080.0,1252.0927574979598
201,1.355036973953247,0.931725543478261,0.9315171068778375,0.3930081825974976,109080.00000000001,109080.00000000001,1252.0927574979596
202,1.3867968320846558,0.9327445652173914,0.9325700713004513,0.38825286378409063,109080.00000000001,109080.00000000001,1252.0927574979596
203,1.415167212486267,0.931725543478261,0.9315560066551285,0.383472201289757,109080.0,109080.0,1252.0927574979598
204,1.4208664894104004,0.9310461956521738,0.9308950446900729,0.3889482265198451,109080.00000000001,109080.00000000001,1252.0927574979596
205,1.4520249366760254,0.9303668478260869,0.9301361244764265,0.38925341050565176,109080.0,109080.0,1252.0927574979596
206,1.4357447624206543,0.931725543478261,0.9315041819848929,0.38752801130982817,109080.00000000001,109080.00000000001,1252.0927574979596
207,1.4276455640792847,0.9303668478260869,0.930168766524675,0.3899342803298714,109080.0,109080.0,1252.0927574979596
208,1.4451427459716797,0.9286684782608695,0.92855129446518,0.3879613899043127,109080.0,109080.0,1252.0927574979596
209,1.3889268636703491,0.9313858695652174,0.9312447030695862,0.3903775560518603,109080.00000000001,109080.00000000001,1252.0927574979596
210,1.421608567237854,0.9307065217391305,0.9306410668190711,0.38647256507837213,109080.00000000001,109080.00000000001,1252.0927574979598
211,1.4021332263946533,0.9334239130434783,0.9331856182993908,0.3893398244959485,109080.0,109080.0,1252.0927574979594
212,1.4046472311019897,0.9341032608695651,0.9340029642612838,0.38971069160042177,109080.0,109080.0,1252.0927574979598
213,1.4154651165008545,0.9320652173913043,0.9319202710029296,0.39044408294269906,109080.0,109080.0,1252.0927574979596
214,1.4046674966812134,0.9320652173913043,0.931912688626241,0.3722657189664954,109080.00000000001,109080.00000000001,1250.7431353713275
215,1.4230107069015503,0.9307065217391305,0.9303874464777223,0.38695551816605117,109080.0,109080.0,1251.3837773735038
216,1.4132221937179565,0.9327445652173914,0.9325899564549299,0.38351376580076457,109080.0,109080.0,1251.4150188724157
217,1.4173942804336548,0.9320652173913043,0.9320734061241734,0.3884631177416564,109080.0,109080.0,1251.5400061207836
218,1.4473782777786255,0.9324048913043478,0.9326545662628314,0.38841765097487346,109080.0,109080.0,1251.5400061207836
219,1.3587701320648193,0.9368206521739131,0.9368467584571986,0.3845224388600434,109080.0,109080.0,1251.5400061207836
220,1.414257287979126,0.9341032608695651,0.9338913023985095,0.39084774466541566,109080.0,109080.0,1251.5400061207833
221,1.4112129211425781,0.9320652173913043,0.9318721742782151,0.3897867112930244,109080.0,109080.0,1251.5400061207833
222,1.4168219566345215,0.9327445652173914,0.9325679468986445,0.3843015330206193,109080.0,109080.0,1251.5400061207836
223,1.439955472946167,0.9337635869565217,0.9335063519949172,0.39182115418348007,109080.00000000001,109080.00000000001,1251.5400061207833
224,1.4917449951171875,0.9300271739130435,0.9298045945731235,0.39283077783631287,109080.0,109080.0,1251.5400061207833
225,1.4681596755981445,0.9351222826086957,0.934838003691544,0.3826683216826571,109080.00000000001,109080.00000000001,1251.5556268702394
226,1.4199879169464111,0.9334239130434783,0.9333453997719408,0.39485749615289445,109080.00000000001,109080.00000000001,1251.5556268702394
227,1.4116765260696411,0.9334239130434783,0.9333049394217808,0.38925087377347933,109080.0,109080.0,1251.5556268702394
228,1.41064453125,0.9337635869565217,0.9335678257895554,0.3776885818799509,109080.0,109080.0,1251.5556268702392
229,1.390742301940918,0.9351222826086957,0.935005780565086,0.37452372405941514,109080.0,109080.0,1251.5712476196954
230,1.413780927658081,0.9347826086956522,0.9346312324940473,0.3853465521037254,109080.0,109080.0,1251.5712476196952
231,1.3728861808776855,0.9358016304347826,0.935823071979148,0.39218796337260514,109080.0,109080.0,1251.5868896218717
232,1.3863525390625,0.935461956521739,0.9354212716220961,0.3781866381295488,109080.0,109080.0,1251.5868896218715
233,1.3764957189559937,0.9371603260869565,0.9371084339729872,0.38262457787277127,109080.00000000001,109080.00000000001,1251.5868896218717
234,1.408410668373108,0.9334239130434783,0.9331785368147827,0.38943919727540244,109080.0,109080.0,1251.5868896218717
235,1.4503566026687622,0.9310461956521738,0.9308633020129697,0.38923915153748323,109080.0,109080.0,1251.5868896218717
236,1.4474509954452515,0.9313858695652174,0.9311469571593949,0.3933372160620477,109080.0,109080.0,1251.5868896218715
237,1.5119473934173584,0.9324048913043478,0.9318222491013959,0.3923026488058196,109080.0,109080.0,1251.5868896218717
238,1.5100525617599487,0.9320652173913043,0.9318371862389601,0.3930030310763628,109080.00000000001,109080.00000000001,1251.602531624048
239,1.5119693279266357,0.9368206521739131,0.9365120469667981,0.3853801548545846,109080.0,109080.0,1251.6025316240477
240,1.4957185983657837,0.935461956521739,0.9352320781093326,0.3761337703343185,109080.0,109080.0,1251.6025316240477
241,1.4775856733322144,0.9337635869565217,0.9335159556596638,0.3750928490543261,109080.00000000001,109080.00000000001,1251.6025316240477
242,1.4793899059295654,0.9334239130434783,0.9330849223939766,0.39151899913838695,109080.00000000001,109080.00000000001,1251.602531624048
243,1.4824737310409546,0.9337635869565217,0.9333428814532196,0.3841621851441131,109080.00000000001,109080.00000000001,1251.6025316240477
244,1.497885823249817,0.9324048913043478,0.9320994570114275,0.3885136681879436,109080.0,109080.0,1251.6025316240477
245,1.5083348751068115,0.9320652173913043,0.9318396541855085,0.37813373868301975,109080.0,109080.0,1251.602531624048
246,1.5147279500961304,0.9310461956521738,0.9307847057221199,0.3889191868969354,109080.00000000001,109080.00000000001,1251.602531624048
247,1.5008457899093628,0.9341032608695651,0.9339427107376695,0.3906623840137457,109080.0,109080.0,1251.602531624048
248,1.4676313400268555,0.9320652173913043,0.9320150046833447,0.38396037338348155,109080.00000000001,109080.00000000001,1251.602531624048
249,1.456563949584961,0.9337635869565217,0.9336967319425233,0.38431677744360043,109080.0,109080.0,1251.602531624048
250,1.4864141941070557,0.9320652173913043,0.9317836290944435,0.38097372848917527,109080.0,109080.0,1251.6025316240477
251,1.512332797050476,0.9330842391304349,0.9328756426337923,0.3770514092650325,109080.00000000001,109080.00000000001,1251.602531624048
252,1.5354009866714478,0.9324048913043478,0.931997846257202,0.3815085011026675,109080.0,109080.0,1251.6025316240477
253,1.5518641471862793,0.9313858695652174,0.931118001489628,0.3928729850267819,109080.00000000001,109080.00000000001,1251.602531624048
254,1.5763280391693115,0.931725543478261,0.9313243919580844,0.38826182076020394,109080.00000000001,109080.00000000001,1251.6025316240477
255,1.5870660543441772,0.9310461956521738,0.930631936193063,0.3878099636881084,109080.0,109080.0,1251.6025316240477
256,1.5530332326889038,0.9351222826086957,0.9348466878077383,0.38608139325277846,109080.0,109080.0,1251.6025316240477
257,1.5188369750976562,0.9347826086956522,0.934553750683825,0.39206498368390885,109080.0,109080.0,1251.602531624048
258,1.5938777923583984,0.9334239130434783,0.9328863373998887,0.38640776863554743,109080.0,109080.0,1251.6025316240475
259,1.5556153059005737,0.935461956521739,0.935260572552237,0.38071484790792665,109080.00000000001,109080.00000000001,1251.602531624048
260,1.5930167436599731,0.9344429347826086,0.9341800107215198,0.38737454595321924,109080.0,109080.0,1251.6025316240477
261,1.5632458925247192,0.9337635869565217,0.9336735216356424,0.3900913972979142,109080.0,109080.0,1251.6025316240477
262,1.6079849004745483,0.9330842391304349,0.9328575287438715,0.39070681165559246,109080.0,109080.0,1251.6025316240477
263,1.6826783418655396,0.9303668478260869,0.929831687562528,0.39097025309475514,109080.00000000001,109080.00000000001,1251.6025316240477
264,1.664553165435791,0.9303668478260869,0.9298886785064898,0.3906769416861487,109080.0,109080.0,1251.6025316240477
265,1.683693528175354,0.9296875,0.9291459155384916,0.3927207692922524,109080.0,109080.0,1251.6025316240477
266,1.7050976753234863,0.9303668478260869,0.9299257339096734,0.3938624803402478,109080.0,109080.0,1251.602531624048
267,1.733721375465393,0.9303668478260869,0.9297920639747141,0.3855255999165598,109080.0,109080.0,1251.602531624048
268,1.732468843460083,0.9310461956521738,0.9305034089184617,0.39244353064255827,109080.0,109080.0,1251.6025316240477
269,1.733808159828186,0.9273097826086957,0.9267617515331734,0.38750113652242796,109080.0,109080.0,1251.602531624048
270,1.6949528455734253,0.9310461956521738,0.930380428813773,0.38145647416047357,109080.00000000001,109080.00000000001,1251.6025316240477
271,1.6850194931030273,0.9310461956521738,0.9305357785778948,0.3839526767634723,109080.0,109080.0,1251.6025316240477
272,1.7359431982040405,0.9307065217391305,0.9301225691194283,0.38676422211758077,109080.0,109080.0,1251.602531624048
273,1.7421352863311768,0.9320652173913043,0.9315411310919695,0.3921638080228011,109080.0,109080.0,1251.6025316240477
274,1.796339750289917,0.927649456521739,0.9270677614558918,0.3881749337918091,109080.0,109080.0,1251.6025316240477
275,1.7664626836776733,0.927649456521739,0.9271002625804164,0.39129960575871686,109080.0,109080.0,1251.602531624048
276,1.7633616924285889,0.9283288043478262,0.9278420159145737,0.38195789009494807,109080.0,109080.0,1251.6025316240477
277,1.7679221630096436,0.9303668478260869,0.9298883759502462,0.38876285821491274,109080.00000000001,109080.00000000001,1251.6025316240477
278,1.7433350086212158,0.9293478260869565,0.9287700071787554,0.3890332926603863,109080.00000000001,109080.00000000001,1251.6025316240477
279,1.7521849870681763,0.927649456521739,0.9271154936205005,0.37129172825450085,109080.0,109080.0,1251.602531624048
280,1.6880037784576416,0.9310461956521738,0.9307352718178331,0.38856387294026273,109080.0,109080.0,1251.6025316240477
281,1.6886307001113892,0.9307065217391305,0.9303485884732203,0.38301527227748333,109080.0,109080.0,1251.6025316240477
282,1.6641252040863037,0.9307065217391305,0.930344948787627,0.38461831014226383,109080.00000000001,109080.00000000001,1251.602531624048
283,1.6016541719436646,0.9330842391304349,0.9327336006606224,0.39110604032339025,109080.0,109080.0,1251.6025316240477
284,1.635008454322815,0.9324048913043478,0.932056031186547,0.3804397304117744,109080.0,109080.0,1251.6025316240477
285,1.597141146659851,0.9381793478260869,0.9379155547981695,0.38303751813833553,109080.0,109080.0,1251.6181736262242
286,1.6515084505081177,0.9385190217391305,0.9384351129445291,0.38915694843049403,109080.0,109080.0,1251.6181736262242
287,1.5798816680908203,0.9361413043478262,0.9358932192675503,0.37513750107296145,109080.0,109080.0,1251.618173626224
288,1.612774133682251,0.9347826086956522,0.9344628453408351,0.3894730626369327,109080.0,109080.0,1251.618173626224
289,1.603332757949829,0.9347826086956522,0.9346251756816683,0.38238994963669803,109080.0,109080.0,1251.618173626224
290,1.604811429977417,0.9351222826086957,0.9350135703492235,0.3795167685722501,109080.0,109080.0,1251.6181736262242
291,1.629917025566101,0.9344429347826086,0.9342374158958964,0.3885943126561722,109080.0,109080.0,1251.6181736262242
292,1.611759066581726,0.9337635869565217,0.9335249590845612,0.38962930680877883,109080.0,109080.0,1251.6181736262242
293,1.663796305656433,0.9351222826086957,0.9348484008077995,0.38798782910434154,109080.0,109080.0,1251.618173626224
294,1.711586594581604,0.9310461956521738,0.9308581241307228,0.3889118293877914,109080.0,109080.0,1251.6181736262242
295,1.6933377981185913,0.9324048913043478,0.9322447925864127,0.37102289262741517,109080.0,109080.0,1251.6181736262242
296,1.679839015007019,0.9330842391304349,0.932842719510482,0.384925344531243,109080.00000000001,109080.00000000001,1251.6181736262242
297,1.6786507368087769,0.9334239130434783,0.9330656694649352,0.3714459691849315,109080.0,109080.0,1251.6181736262242
298,1.7000021934509277,0.9324048913043478,0.9321830714593186,0.3831344109040739,109080.00000000001,109080.00000000001,1251.6181736262242
299,1.6796369552612305,0.9313858695652174,0.9311621848568201,0.38515958478583084,109080.0,109080.0,1251.618173626224
300,1.7236775159835815,0.9303668478260869,0.9299817066921393,0.3808692930442594,109080.0,109080.0,1251.618173626224
301,1.7950985431671143,0.9307065217391305,0.9302069154260231,0.3912446107451882,109080.0,109080.0,1251.6181736262242
302,1.8368593454360962,0.9283288043478262,0.9277930112086747,0.3895837291021212,109080.0,109080.0,1251.6181736262242
303,1.8804759979248047,0.9307065217391305,0.930363416174885,0.37950060660094503,109080.00000000001,109080.00000000001,1251.618173626224
304,1.8304675817489624,0.9300271739130435,0.9297448869812946,0.39221537667726925,109080.0,109080.0,1251.6181736262242
305,1.8133834600448608,0.9286684782608695,0.9282861729497429,0.39259084968364527,109080.0,109080.0,1251.618173626224
306,1.7893438339233398,0.9283288043478262,0.9281867483920285,0.38535369992645313,109080.0,109080.0,1251.6181736262242
307,1.8619948625564575,0.9290081521739131,0.9286733038235476,0.3738250141239789,109080.0,109080.0,1251.618173626224
308,1.9168546199798584,0.9283288043478262,0.9279884438285071,0.38236680753342606,109080.0,109080.0,1251.6181736262242
309,1.928969383239746,0.9273097826086957,0.9271731528382853,0.3742725442166686,109080.0,109080.0,1251.63379437568
310,1.90071439743042,0.9320652173913043,0.9318817256658022,0.3887648796814699,109080.0,109080.0,1251.6337943756798
311,1.8939039707183838,0.931725543478261,0.9316616220473867,0.39053908603365195,109080.0,109080.0,1251.63379437568
312,1.8965741395950317,0.9324048913043478,0.9322983987581059,0.3815779937623764,109080.0,109080.0,1251.6337943756798
313,1.983997106552124,0.9310461956521738,0.9308312930556064,0.38506885578245803,109080.00000000001,109080.00000000001,1251.63379437568
314,1.9792784452438354,0.9303668478260869,0.9301298031213882,0.3811100291349683,109080.0,109080.0,1251.63379437568
315,1.9772257804870605,0.9286684782608695,0.9285615199027157,0.3739575300045449,109080.00000000001,109080.00000000001,1251.63379437568
316,2.027876853942871,0.9293478260869565,0.9291918856740217,0.378787220140536,109080.00000000001,109080.00000000001,1251.649415125136
317,2.036282539367676,0.9279891304347826,0.9275300033124819,0.38088232460426685,109080.0,109080.0,1251.6494151251359
318,2.091233015060425,0.9259510869565217,0.9257220195052942,0.3748318948929925,109080.0,109080.0,1251.6494151251359
319,1.969770908355713,0.9283288043478262,0.9280671700562332,0.3893994739901384,109080.0,109080.0,1251.649415125136
320,1.9165034294128418,0.9290081521739131,0.9285734366154508,0.3868210735660902,109080.0,109080.0,1251.649415125136
321,1.9903146028518677,0.9296875,0.9293955186717877,0.38541722151737606,109080.00000000001,109080.00000000001,1251.6494151251359
322,1.9561630487442017,0.9300271739130435,0.9297977908917391,0.3886576410346502,109080.0,109080.0,1251.6494151251359
323,1.9494671821594238,0.9296875,0.9295695373982386,0.3777946296986091,109080.0,109080.0,1251.649415125136
324,1.930257797241211,0.9296875,0.9296220478606202,0.3907056464464023,109080.0,109080.0,1251.6494151251359
325,1.9733600616455078,0.9310461956521738,0.9310178116695619,0.3861633447425539,109080.0,109080.0,1251.6494151251359
326,1.898711085319519,0.9290081521739131,0.9288599320130695,0.38652339162582666,109080.0,109080.0,1251.649415125136
327,1.8377288579940796,0.9324048913043478,0.9321692120634268,0.38084682008257625,109080.0,109080.0,1251.6494151251359
328,1.899109125137329,0.9313858695652174,0.9312910977029077,0.37669577147159017,109080.00000000001,109080.00000000001,1251.665035874592
329,1.955572247505188,0.9290081521739131,0.9288917514342262,0.38058354766376645,109080.00000000001,109080.00000000001,1251.665035874592
330,1.9356764554977417,0.9293478260869565,0.9292049138449574,0.3774721613062608,109080.00000000001,109080.00000000001,1251.665035874592
331,1.8694746494293213,0.931725543478261,0.931612880626607,0.37652674505448575,109080.0,109080.0,1251.665035874592
332,1.8944323062896729,0.931725543478261,0.9316235710862553,0.38038901571220884,109080.00000000001,109080.00000000001,1251.665035874592
333,1.8843356370925903,0.9300271739130435,0.9298583028555897,0.37434523568059985,109080.0,109080.0,1251.665035874592
334,1.9267919063568115,0.9307065217391305,0.9305178170564865,0.3695170772348057,109080.0,109080.0,1251.665035874592
335,1.862046718597412,0.9307065217391305,0.9304795357081154,0.37103530012225167,109080.0,109080.0,1251.6650358745921
336,2.015075206756592,0.9300271739130435,0.9298421550768912,0.3886877678748183,109080.0,109080.0,1251.6650358745921
337,1.9755909442901611,0.9300271739130435,0.9299194977115446,0.38664206285212066,109080.00000000001,109080.00000000001,1251.665035874592
338,2.0021467208862305,0.9300271739130435,0.9298169499780231,0.38867739864480116,109080.00000000001,109080.00000000001,1251.665035874592
339,1.9971686601638794,0.9290081521739131,0.9289756204641612,0.38099192311506924,109080.0,109080.0,1251.665035874592
340,2.1398372650146484,0.9252717391304349,0.9251331280332128,0.38470410470474786,109080.0,109080.0,1251.6650358745917
341,2.1267170906066895,0.9296875,0.9293924716018789,0.3886733501663146,109080.0,109080.0,1251.665035874592
342,2.0142672061920166,0.931725543478261,0.9314506096161432,0.38638366179964356,109080.0,109080.0,1251.665035874592
343,1.9832770824432373,0.9296875,0.9295731668917558,0.38440757545605053,109080.0,109080.0,1251.665035874592
344,2.0473556518554688,0.9296875,0.9295182955043211,0.38906970993089723,109080.0,109080.0,1251.665035874592
345,1.9990659952163696,0.9296875,0.9295600875990724,0.39057156064175674,109080.0,109080.0,1251.665035874592
346,1.996171236038208,0.9303668478260869,0.9302926337869756,0.3909986501679197,109080.0,109080.0,1251.6650358745921
347,2.0602262020111084,0.9293478260869565,0.9292474700947602,0.39321636625031525,109080.0,109080.0,1251.665035874592
348,2.0479700565338135,0.9303668478260869,0.9302262654504624,0.3892173359132046,109080.0,109080.0,1251.665035874592
349,1.9459017515182495,0.9293478260869565,0.9291547741024203,0.3911646249439563,109080.00000000001,109080.00000000001,1251.665035874592
350,2.025913953781128,0.9293478260869565,0.9291739051398542,0.38753981899644396,109080.0,109080.0,1251.665035874592
351,1.9581828117370605,0.931725543478261,0.9316232835269047,0.390517864315502,109080.0,109080.0,1251.665035874592
352,1.9546235799789429,0.9324048913043478,0.9322962128387836,0.388278496278383,109080.0,109080.0,1251.6650358745917
353,1.970025658607483,0.9296875,0.9295585137313659,0.3704091645817762,109080.00000000001,109080.00000000001,1251.665035874592
354,1.978987693786621,0.9300271739130435,0.9299191037633525,0.3861923288793117,109080.0,109080.0,1251.6650358745917
355,2.0459020137786865,0.931725543478261,0.9315449315896618,0.3904734106655349,109080.0,109080.0,1251.665035874592
356,1.922247290611267,0.9307065217391305,0.9306053420622273,0.3928349956594432,109080.0,109080.0,1251.665035874592
357,1.946191668510437,0.9327445652173914,0.9325814978065875,0.39146950863650365,109080.0,109080.0,1251.665035874592
358,1.8561772108078003,0.9313858695652174,0.9311763545261491,0.38445151030563296,109080.0,109080.0,1251.6650358745917
359,1.8788292407989502,0.9327445652173914,0.9326373992276724,0.38699402853895193,109080.0,109080.0,1251.665035874592
360,1.8709807395935059,0.9320652173913043,0.9320381324168368,0.3746444601748013,109080.0,109080.0,1251.665035874592
361,1.7952964305877686,0.9327445652173914,0.93260786219013,0.3798843285918106,109080.0,109080.0,1251.665035874592
362,1.8566466569900513,0.9330842391304349,0.9330696977953673,0.383160968826956,109080.0,109080.0,1251.6650358745921
363,1.8786274194717407,0.9334239130434783,0.933260486091451,0.37953215646147076,109080.00000000001,109080.00000000001,1251.665035874592
364,1.8638955354690552,0.9334239130434783,0.9332815212904895,0.3853211908786679,109080.0,109080.0,1251.665035874592
365,1.8746566772460938,0.9324048913043478,0.9323374798011073,0.37049603942169584,109080.0,109080.0,1251.665035874592
366,1.8475807905197144,0.9344429347826086,0.9344552360671612,0.37128554432124905,109080.0,109080.0,1251.665035874592
367,1.8833212852478027,0.9327445652173914,0.932683104144268,0.37253055946092734,109080.0,109080.0,1251.665035874592
368,1.9069397449493408,0.9347826086956522,0.9346657135112407,0.3835607256022838,109080.00000000001,109080.00000000001,1251.665035874592
369,1.9837889671325684,0.9334239130434783,0.9332635011371347,0.3891311655949975,109080.00000000001,109080.00000000001,1251.6650358745921
370,2.006216526031494,0.9310461956521738,0.9310120023334408,0.38490471976755497,109080.0,109080.0,1251.665035874592
371,1.9900633096694946,0.9330842391304349,0.9329158320876038,0.39132313350858056,109080.0,109080.0,1251.6650358745917
372,2.0273330211639404,0.9324048913043478,0.9322697023884962,0.38928418790554714,109080.0,109080.0,1251.665035874592
373,1.9911773204803467,0.9337635869565217,0.9335489981761093,0.385214180921704,109080.00000000001,109080.00000000001,1251.665035874592
374,1.9205971956253052,0.9334239130434783,0.9332431819024346,0.38442971893830447,109080.0,109080.0,1251.665035874592
375,1.8806064128875732,0.9330842391304349,0.9328402225912126,0.3898235000061911,109080.0,109080.0,1251.665035874592
376,1.9045947790145874,0.9324048913043478,0.9322660025497447,0.3923651659709196,109080.00000000001,109080.00000000001,1251.665035874592
377,2.0185344219207764,0.931725543478261,0.9314582343967922,0.38754044935285586,109080.0,109080.0,1251.665035874592
378,1.9870394468307495,0.9320652173913043,0.9318963775720694,0.3906377077556668,109080.0,109080.0,1251.665035874592
379,2.017810106277466,0.9313858695652174,0.9310140254316663,0.38674957471391963,109080.0,109080.0,1251.665035874592
380,2.063723564147949,0.9320652173913043,0.9317964071729626,0.3948286118328376,109080.0,109080.0,1251.665035874592
381,2.0514094829559326,0.9310461956521738,0.9307076529172555,0.3878736335123454,109080.0,109080.0,1251.665035874592
382,2.091322660446167,0.931725543478261,0.9314221687784393,0.386035642731566,109080.0,109080.0,1251.665035874592
383,1.9730631113052368,0.9324048913043478,0.932313633951274,0.3719947859563817,109080.0,109080.0,1251.665035874592
384,2.0297727584838867,0.9324048913043478,0.9322581014125585,0.3881689796510018,109080.0,109080.0,1251.665035874592
385,2.051934003829956,0.931725543478261,0.9315337722679908,0.39195488647874993,109080.00000000001,109080.00000000001,1251.665035874592
386,2.0071232318878174,0.9310461956521738,0.9308329311773242,0.3793512510786378,109080.00000000001,109080.00000000001,1251.665035874592
387,1.9340846538543701,0.931725543478261,0.9315483819519578,0.39147120130464225,109080.0,109080.0,1251.665035874592
388,1.9738805294036865,0.9327445652173914,0.932512552583017,0.3890032081401646,109080.0,109080.0,1251.665035874592
389,1.953033685684204,0.9327445652173914,0.9325921106084999,0.3905621898057542,109080.0,109080.0,1251.665035874592
390,1.9849449396133423,0.9307065217391305,0.930623716442478,0.38853150713171347,109080.0,109080.0,1251.665035874592
391,1.9555816650390625,0.9303668478260869,0.9300946443831127,0.38206895326504375,109080.0,109080.0,1251.6650358745921
392,1.9874210357666016,0.9313858695652174,0.9311261949658195,0.38635536905082185,109080.0,109080.0,1251.6650358745917
393,2.0092523097991943,0.9300271739130435,0.9297973983291915,0.37799013377662843,109080.0,109080.0,1251.665035874592
394,2.0301380157470703,0.931725543478261,0.9315542293513474,0.38842209473138795,109080.0,109080.0,1251.6806566240477
395,2.037060260772705,0.9330842391304349,0.9328651986030182,0.3835725357210804,109080.0,109080.0,1251.6806566240477
396,1.9871268272399902,0.9330842391304349,0.9329600199489518,0.3903212593351536,109080.0,109080.0,1251.6806566240477
397,2.016134023666382,0.9334239130434783,0.9332227090669895,0.39404760007629974,109080.0,109080.0,1251.6806566240477
398,2.1111056804656982,0.9324048913043478,0.9321891277790127,0.3913329954505355,109080.0,109080.0,1251.680656624048
399,2.150310516357422,0.9307065217391305,0.930400808938948,0.3917737956340216,109080.0,109080.0,1251.680656624048
400,2.114758253097534,0.9324048913043478,0.9320843721490659,0.3813844727548863,109080.0,109080.0,1251.6806566240477
401,2.077225685119629,0.9310461956521738,0.9308157720483221,0.3890741439911175,109080.0,109080.0,1251.680656624048
402,2.097047805786133,0.931725543478261,0.9314864180009539,0.3788500293943386,109080.0,109080.0,1251.6806566240477
403,2.0790061950683594,0.9307065217391305,0.9305173013646546,0.38783293495499915,109080.00000000001,109080.00000000001,1251.680656624048
404,1.9625226259231567,0.9327445652173914,0.9325870643244326,0.3855259116897126,109080.0,109080.0,1251.680656624048
405,1.9320954084396362,0.9334239130434783,0.9330783972733058,0.374518227946901,109080.0,109080.0,1251.6806566240477
406,1.9602996110916138,0.9334239130434783,0.9331828941894603,0.38548100896187787,109080.0,109080.0,1251.6806566240477
407,1.9052788019180298,0.9330842391304349,0.9328541843146377,0.38392518809363163,109080.00000000001,109080.00000000001,1251.6806566240477
408,2.023909091949463,0.9330842391304349,0.9329640541417281,0.38791594629189136,109080.0,109080.0,1251.680656624048
409,2.077136993408203,0.931725543478261,0.9316185982368761,0.39363300313887317,109080.0,109080.0,1251.680656624048
410,2.1400060653686523,0.9307065217391305,0.9305249328617404,0.37916292135033175,109080.0,109080.0,1251.680656624048
411,2.1410014629364014,0.931725543478261,0.9314741635005709,0.3820669177891251,109080.0,109080.0,1251.680656624048
412,2.025447130203247,0.9330842391304349,0.9328726589503692,0.38586681935291683,109080.0,109080.0,1251.6806566240477
413,2.1058502197265625,0.9300271739130435,0.9298274397743768,0.39007855830177,109080.0,109080.0,1251.6806566240477
414,2.165724039077759,0.9300271739130435,0.9296482921066441,0.3928379631470544,109080.0,109080.0,1251.680656624048
415,2.071904182434082,0.9344429347826086,0.9341095056880839,0.3829737822884963,109080.00000000001,109080.00000000001,1251.680656624048
416,2.154939889907837,0.9313858695652174,0.9311107531646734,0.38728373740131883,109080.00000000001,109080.00000000001,1251.6806566240477
417,2.087648868560791,0.9303668478260869,0.9300666540188196,0.38729860781974706,109080.0,109080.0,1251.680656624048
418,2.053330183029175,0.9303668478260869,0.9301019383149662,0.38860576553624915,109080.0,109080.0,1251.6806566240477
419,2.094938039779663,0.9300271739130435,0.9298188248278701,0.3875753425864322,109080.00000000001,109080.00000000001,1251.680656624048
420,2.1004061698913574,0.9320652173913043,0.9318717605777401,0.39414658202050945,109080.0,109080.0,1251.6806566240477
421,2.0457279682159424,0.9330842391304349,0.9330085966809877,0.38549816767331435,109080.0,109080.0,1251.6806566240477
422,2.0674924850463867,0.9327445652173914,0.9325439002894935,0.3817096872739615,109080.0,109080.0,1251.6806566240477
423,2.0808231830596924,0.9327445652173914,0.9325639727778666,0.39050388874504327,109080.0,109080.0,1251.6806566240477
424,2.0958142280578613,0.931725543478261,0.9314470385813438,0.3891499832807609,109080.0,109080.0,1251.6806566240477
425,2.1552774906158447,0.9334239130434783,0.9331312287079981,0.3873504423602232,109080.00000000001,109080.00000000001,1251.680656624048
426,2.1094510555267334,0.9337635869565217,0.933541917872275,0.3881694277235681,109080.0,109080.0,1251.565063078074
427,2.0701706409454346,0.9327445652173914,0.9325708211395173,0.38843922792114033,109080.00000000001,109080.00000000001,1251.2153692235106
428,2.05690336227417,0.9327445652173914,0.9325285418426551,0.3888695532855323,109080.0,109080.0,1251.4653862256866
429,2.164743423461914,0.9327445652173914,0.932507211875258,0.39043648409635895,109080.0,109080.0,1251.5278904762308
430,2.1271474361419678,0.9327445652173914,0.9325467600219574,0.37776560963043326,109080.0,109080.0,1251.5747527245987
431,2.126274824142456,0.9320652173913043,0.9318582577644765,0.39172776745504606,109080.00000000001,109080.00000000001,1251.5747527245987
432,2.15584397315979,0.9324048913043478,0.9321771374272346,0.3914042501766093,109080.0,109080.0,1251.5747527245985
433,2.0944302082061768,0.9330842391304349,0.9329401245179091,0.3935913588199054,109080.0,109080.0,1251.5747527245987
434,2.069549560546875,0.9327445652173914,0.9324894536243784,0.3794762574225437,109080.0,109080.0,1251.574752724599
435,2.132473945617676,0.9320652173913043,0.9318432007406335,0.3799390676426291,109080.0,109080.0,1251.5747527245985
436,2.1639068126678467,0.9307065217391305,0.9304457295392207,0.38425550429034927,109080.00000000001,109080.00000000001,1251.5747527245987
437,2.162461519241333,0.9293478260869565,0.9290620930720548,0.37553920086890746,109080.0,109080.0,1251.5747527245987
438,2.093390941619873,0.9313858695652174,0.9312295385516731,0.3851680321714175,109080.00000000001,109080.00000000001,1251.5747527245985
439,2.164585590362549,0.9290081521739131,0.9287022322660298,0.38464163225934606,109080.0,109080.0,1251.5747527245987
440,2.2582194805145264,0.9290081521739131,0.9286406913397885,0.38886932637927585,109080.00000000001,109080.00000000001,1251.5747527245985
441,2.216707229614258,0.9303668478260869,0.9299755342788043,0.3785825316288526,109080.0,109080.0,1251.5747527245987
442,2.226114273071289,0.9300271739130435,0.9296312311038599,0.38244623120902543,109080.0,109080.0,1251.5747527245987
443,2.2185182571411133,0.927649456521739,0.9273005602772804,0.39206532370278835,109080.00000000001,109080.00000000001,1251.5747527245987
444,2.320380926132202,0.9290081521739131,0.9286710575603437,0.39065235376487745,109080.0,109080.0,1251.574752724599
445,2.2849130630493164,0.9303668478260869,0.9300518586934562,0.3880589931262849,109080.0,109080.0,1251.5903734740546
446,2.136655330657959,0.9296875,0.9294119303748832,0.3763850316713373,109080.00000000001,109080.00000000001,1251.5903734740546
447,2.2230639457702637,0.9293478260869565,0.9290706293718678,0.3781104208790049,109080.0,109080.0,1251.5903734740546
448,2.279399871826172,0.9300271739130435,0.9296756452989601,0.3764581500640761,109080.00000000001,109080.00000000001,1251.5903734740546
449,2.2197017669677734,0.9296875,0.9294808096224263,0.38100680786714985,109080.0,109080.0,1251.5903734740546
450,2.194648504257202,0.9313858695652174,0.9311725751407232,0.3798114089244598,109080.0,109080.0,1251.5903734740546
451,2.2371323108673096,0.931725543478261,0.9315672195132251,0.3849760641600284,109080.0,109080.0,1251.5903734740546
452,2.2101452350616455,0.9330842391304349,0.9328718791343514,0.3757218428937084,109080.00000000001,109080.00000000001,1251.5903734740546
453,2.2009053230285645,0.9337635869565217,0.9334456157353087,0.3765393659002243,109080.00000000001,109080.00000000001,1251.5903734740543
454,2.256328821182251,0.9307065217391305,0.9305362318098375,0.3894031276446043,109080.0,109080.0,1251.5903734740546
455,2.1887028217315674,0.9290081521739131,0.9288905213645653,0.3926801859878482,109080.0,109080.0,1251.5903734740546
456,2.225376844406128,0.9307065217391305,0.9304216357393839,0.383443032988267,109080.0,109080.0,1251.5903734740546
457,2.338763475418091,0.931725543478261,0.9312667751417792,0.3728809544453813,109080.0,109080.0,1251.5903734740548
458,2.2290353775024414,0.9307065217391305,0.9304557062356227,0.3715757176977247,109080.00000000001,109080.00000000001,1251.5903734740548
459,2.246342420578003,0.9310461956521738,0.9307501720680676,0.3736031839261247,109080.0,109080.0,1251.5903734740546
460,2.1585488319396973,0.9307065217391305,0.9304146266100631,0.37525632688866867,109080.0,109080.0,1251.5903734740546
461,2.1571500301361084,0.9307065217391305,0.930517898445833,0.3771019706074898,109080.0,109080.0,1251.5903734740543
462,2.085965156555176,0.9303668478260869,0.9301973660622459,0.3766501549797557,109080.0,109080.0,1251.5903734740546
463,2.1064608097076416,0.9307065217391305,0.9303838899028443,0.38819614010614717,109080.0,109080.0,1251.5903734740546
464,2.1627392768859863,0.9310461956521738,0.930762811415688,0.3920005576784385,109080.00000000001,109080.00000000001,1251.5903734740546
465,2.1703085899353027,0.9290081521739131,0.9286606719561887,0.37552981430480215,109080.0,109080.0,1251.5903734740548
466,2.2083652019500732,0.9313858695652174,0.931004722855615,0.39190328130914026,109080.0,109080.0,1251.5903734740546
467,2.1771788597106934,0.9310461956521738,0.9307817442697818,0.3883673983896647,109080.0,109080.0,1251.5903734740546
468,2.2712295055389404,0.9296875,0.9293861934908172,0.3904352994621514,109080.0,109080.0,1251.5903734740548
469,2.275585889816284,0.9307065217391305,0.9304477484275561,0.3802941911108994,109080.0,109080.0,1251.5903734740548
470,2.3529326915740967,0.9303668478260869,0.930076244758174,0.3882805403804364,109080.0,109080.0,1251.5903734740546
471,2.3023757934570312,0.9307065217391305,0.9304498611980984,0.375527141565078,109080.0,109080.0,1251.5903734740546
472,2.2747747898101807,0.9327445652173914,0.9325621673427082,0.3812226877832568,109080.0,109080.0,1251.5903734740546
473,2.2312333583831787,0.9320652173913043,0.9319410248312905,0.37847695481011867,109080.0,109080.0,1251.5903734740546
474,2.275172233581543,0.931725543478261,0.9315737476652161,0.3807324485952629,109080.0,109080.0,1251.5903734740546
475,2.321181058883667,0.9313858695652174,0.9311052168586207,0.38613893780796515,109080.0,109080.0,1251.5903734740546
476,2.2912793159484863,0.9307065217391305,0.9304964757245963,0.375947446376896,109080.0,109080.0,1251.5903734740548
477,2.372464418411255,0.9300271739130435,0.9298123762544641,0.3758934596482506,109080.0,109080.0,1251.5903734740546
478,2.252148151397705,0.9324048913043478,0.9321658306321355,0.36966563895814947,109080.00000000001,109080.00000000001,1251.5903734740548
479,2.2782108783721924,0.9303668478260869,0.9302360429725294,0.38782056819108424,109080.0,109080.0,1251.5903734740548
480,2.33149790763855,0.9313858695652174,0.9311566741817683,0.3746823261494994,109080.0,109080.0,1251.5903734740546
481,2.259828805923462,0.931725543478261,0.9315971783681231,0.38481568258916465,109080.0,109080.0,1251.6059942235104
482,2.3684442043304443,0.9303668478260869,0.9301910849108438,0.38562104563199395,109080.0,109080.0,1251.6059942235106
483,2.2708561420440674,0.9300271739130435,0.9298642414896586,0.3850858587694635,109080.0,109080.0,1251.6059942235104
484,2.2311291694641113,0.9330842391304349,0.9330428532331063,0.3707116600997559,109080.0,109080.0,1251.6059942235106
485,2.2758495807647705,0.9327445652173914,0.9325574469881158,0.3866372304655392,109080.00000000001,109080.00000000001,1251.6059942235106
486,2.353093385696411,0.9320652173913043,0.9318482734882284,0.3772518058855723,109080.0,109080.0,1251.6059942235104
487,2.413501501083374,0.931725543478261,0.9314560886969061,0.38492320291495297,109080.00000000001,109080.00000000001,1251.6059942235106
488,2.245797872543335,0.9310461956521738,0.930788637970395,0.3861644496012305,109080.00000000001,109080.00000000001,1251.6059942235104
489,2.351891279220581,0.9307065217391305,0.9303669191454992,0.38567014075856215,109080.0,109080.0,1251.6059942235106
490,2.3251125812530518,0.9324048913043478,0.9322089948147544,0.39250167996761454,109080.0,109080.0,1251.6059942235106
491,2.2391414642333984,0.9313858695652174,0.9312858676941429,0.385010081678791,109080.0,109080.0,1251.6059942235106
492,2.3208813667297363,0.931725543478261,0.931517291382471,0.3916955673915128,109080.00000000001,109080.00000000001,1251.6059942235106
493,2.2558226585388184,0.9337635869565217,0.9335498491042663,0.3938855754537862,109080.00000000001,109080.00000000001,1251.6059942235108
494,2.3316924571990967,0.931725543478261,0.9315000394068647,0.394178194825875,109080.0,109080.0,1251.6059942235106
495,2.3175342082977295,0.9324048913043478,0.9321637763126349,0.3772544235931517,109080.0,109080.0,1251.6059942235106
496,2.2707715034484863,0.9327445652173914,0.932505269525739,0.38165305637560937,109080.00000000001,109080.00000000001,1251.6059942235104
497,2.266512393951416,0.9341032608695651,0.9339426424743223,0.39282918196897115,109080.0,109080.0,1251.6059942235106
498,2.2894368171691895,0.9324048913043478,0.9323317833475839,0.3899712716923445,109080.00000000001,109080.00000000001,1251.6216362256869
499,2.1567633152008057,0.9324048913043478,0.9322316815163112,0.39205171636450675,109080.00000000001,109080.00000000001,1251.6216362256866
500,2.25461745262146,0.9324048913043478,0.9322733912320516,0.37402083004000913,109080.00000000001,109080.00000000001,1251.6216362256869
